image_path,filename,label,label_id,sha256,width,height,aspect_ratio,blur_score,brightness,contrast,split
data/raw/car_damage_severity/data3a/training/01-minor/0001.JPEG,0001.JPEG,minor,0,54f1d3fadcea8213f8561d0e3055bcdc469794c45cca0a7c4f7d4be4bd5f4063,233,217,1.0737,1276.28,125.66,56.13,train
data/raw/car_damage_severity/data3a/training/01-minor/0003.JPEG,0003.JPEG,minor,0,42729fb0fef7230f6c1f5727ff3c0e18c330cd5e64f3771d9037ad102d88603e,290,174,1.6667,1858.47,118.32,52.31,train
data/raw/car_damage_severity/data3a/training/01-minor/0006.JPEG,0006.JPEG,minor,0,a41a0f1bdee26c79b9c6257dad6d985207ad03bdc7ea6612f388654d23a878d2,98,121,0.8099,1427.49,79.07,49.79,train
data/raw/car_damage_severity/data3a/training/01-minor/0008.JPEG,0008.JPEG,minor,0,9f8534fa6a9ca150dff8742258e22321f9d40e46807d42f1419d94da8fc6006a,275,183,1.5027,1954.48,73.61,58.75,train
data/raw/car_damage_severity/data3a/training/01-minor/0009.JPEG,0009.JPEG,minor,0,25430a356b892cf99bedc5b4190f7de6cc48df6afbabbcdc53570c93405722b1,275,183,1.5027,1550.62,149.5,75.15,train
data/raw/car_damage_severity/data3a/training/01-minor/0010.JPEG,0010.JPEG,minor,0,3af0bb9602b361653b7245f13501b738a89d87631ec4f4c51ac95683fe3dbc7b,259,194,1.3351,935.02,85.3,65.04,train
data/raw/car_damage_severity/data3a/training/01-minor/0011.JPEG,0011.JPEG,minor,0,53376e52def565e3e295e16d9e829e154fe228c6da530a5bfbb45f7d270b8d3d,275,183,1.5027,1169.67,143.69,56.66,train
data/raw/car_damage_severity/data3a/training/01-minor/0013.JPEG,0013.JPEG,minor,0,d8034ade0f10d3079740f01ec0349996960c7469bc276a9b87aec155abc33734,296,170,1.7412,1079.7,121.92,54.11,train
data/raw/car_damage_severity/data3a/training/01-minor/0014.JPEG,0014.JPEG,minor,0,e0d9d47793e0785aecd7508b9f554ee854b98ef5077ec03fbf5be328c3941ac7,275,183,1.5027,1127.63,117.29,47.61,train
data/raw/car_damage_severity/data3a/training/01-minor/0015.JPEG,0015.JPEG,minor,0,3aa8aa79fe7337da3a80f54b2ffe0ccfa1294240a0082851bf65fa8ceef50085,263,192,1.3698,794.68,133.96,73.74,train
data/raw/car_damage_severity/data3a/training/01-minor/0016.JPEG,0016.JPEG,minor,0,d59ccbfc77c288288b32595b11ed1a6994aa9d742b65b307de7f0582faa756a8,290,174,1.6667,1080.63,112.56,75.42,train
data/raw/car_damage_severity/data3a/training/01-minor/0017.JPEG,0017.JPEG,minor,0,167ee124f0a956f2dd6415b1e27015f7dca4adf82dfefc3f2aa66e50931e67e9,260,194,1.3402,1833.71,98.9,56.82,train
data/raw/car_damage_severity/data3a/training/01-minor/0018.JPEG,0018.JPEG,minor,0,0f355f94306c00446905f0b27ad21ed21faebb1953c0ba9b83761ebe18d03e4d,275,183,1.5027,2392.96,108.78,49.3,train
data/raw/car_damage_severity/data3a/training/01-minor/0020.JPEG,0020.JPEG,minor,0,eb4b7ca6d2ead67fce25901654e01e9623168d02ecd663773a1de3aac843b724,300,168,1.7857,1085.7,101.67,64.52,train
data/raw/car_damage_severity/data3a/training/01-minor/0021.JPEG,0021.JPEG,minor,0,f2de93aea1fc9d0c65537e8e713fa469cddd0d1842d7c3f03b638b1883d0d877,299,168,1.7798,711.22,66.66,43.71,train
data/raw/car_damage_severity/data3a/training/01-minor/0022.JPEG,0022.JPEG,minor,0,22c8a926af61fb477e6e982549e1df113d06cf237031e78ab08b2697725ddbcd,275,184,1.4946,1745.53,76.05,61.43,train
data/raw/car_damage_severity/data3a/training/01-minor/0024.JPEG,0024.JPEG,minor,0,8dc0df77bda15ab6eef48cf680e6c8b2570bacf31a3bf5559adf6700c844ba1b,199,136,1.4632,5729.72,97.43,66.39,train
data/raw/car_damage_severity/data3a/training/01-minor/0025.JPEG,0025.JPEG,minor,0,c6ef83fee3033b49202f0c196dbc35af25ea331792dd9cc11008ca20c7f44cea,218,157,1.3885,1706.55,111.98,48.29,train
data/raw/car_damage_severity/data3a/training/01-minor/0026.JPEG,0026.JPEG,minor,0,3d759589dc3577550f223a0ebc5b96b16d9517d458c616069776b3262c528640,259,194,1.3351,4527.47,88.94,69.76,train
data/raw/car_damage_severity/data3a/training/01-minor/0029.JPEG,0029.JPEG,minor,0,b87b072594343bac765b9988694a17d6ce473acb1af1b1f5e7384f43176c2230,259,194,1.3351,722.41,123.82,66.6,train
data/raw/car_damage_severity/data3a/training/01-minor/0031.JPEG,0031.JPEG,minor,0,7b7b1b634d6baa3ce6c942168469d9b68df3322595d4cf0322fdfb69de06b6d5,279,181,1.5414,1706.94,95.17,54.72,train
data/raw/car_damage_severity/data3a/training/01-minor/0034.JPEG,0034.JPEG,minor,0,dde6fc1456e3ce9078bbff76ec8d2d2fa03c4c1a41fd1eb451241cfd0e3323e0,275,183,1.5027,2450.34,122.29,58.7,train
data/raw/car_damage_severity/data3a/training/01-minor/0035.jpeg,0035.jpeg,minor,0,27e908cc6a5b9999fc7b0cacec42f93a9a59576e4b72927205c9939ff4a4e934,275,183,1.5027,2711.82,103.94,58.28,train
data/raw/car_damage_severity/data3a/training/01-minor/0036.JPEG,0036.JPEG,minor,0,b82d41a9771f279246d229b61df7cca489373a00395b71f18418669af8fe0882,266,189,1.4074,948.15,185.78,43.49,train
data/raw/car_damage_severity/data3a/training/01-minor/0037.JPEG,0037.JPEG,minor,0,3a7d1d6a3bed4da3a675e091975074c2957fb1fba96445dd3b9d34c0125e50ba,300,168,1.7857,1170.57,119.23,55.08,train
data/raw/car_damage_severity/data3a/training/01-minor/0040.JPEG,0040.JPEG,minor,0,13272e0a802a896c10f82c4f58fbfafcb117163d88410ae67cc6ff3ed517162e,269,188,1.4309,1409.14,170.81,47.19,train
data/raw/car_damage_severity/data3a/training/01-minor/0042.JPEG,0042.JPEG,minor,0,a92341b5ff0e173d847495a3f7ce1760cc4752d9d5b8f874a3dadde0fb18e775,275,183,1.5027,736.3,200.36,46.23,train
data/raw/car_damage_severity/data3a/training/01-minor/0043.JPEG,0043.JPEG,minor,0,7c7b55f904f324454f4d6a9196dc0fe3371d4215ce2645c9c42eb4b0b52466c1,259,194,1.3351,4976.81,96.68,67.17,train
data/raw/car_damage_severity/data3a/training/01-minor/0047.JPEG,0047.JPEG,minor,0,4b31c96a465a3126feabe872977b582dcb95276f5701466c8e2f6165c312dcdf,274,184,1.4891,3221.48,110.52,65.84,train
data/raw/car_damage_severity/data3a/training/01-minor/0048.JPEG,0048.JPEG,minor,0,298db71585f78b044322bf427277896481f892cbc9d185dd889d08520ad8d4e5,227,222,1.0225,1714.77,112.16,79.17,train
data/raw/car_damage_severity/data3a/training/01-minor/0049.JPEG,0049.JPEG,minor,0,d12f7006dc604ff027fa08a001c495ace661f994402f74b1efc2435085e29198,260,194,1.3402,846.4,102.32,52.58,train
data/raw/car_damage_severity/data3a/training/01-minor/0052.JPEG,0052.JPEG,minor,0,45019f82ef4b1446de6b2cebadfbf0d5bbe355adfe8c46bce3c3eb877918bb22,275,183,1.5027,2227.43,137.99,75.32,train
data/raw/car_damage_severity/data3a/training/01-minor/0053.JPEG,0053.JPEG,minor,0,0ae8b6b255b3c4e67d37ac18cafff5e2ffbabe3ce61c805d4d115f1ed898a6e8,220,229,0.9607,1655.01,105.07,47.4,train
data/raw/car_damage_severity/data3a/training/01-minor/0054.jpeg,0054.jpeg,minor,0,599f0c0044a09b95010a4b657391316706923f0ba36cfc4decdb71caa88a4ff6,259,194,1.3351,3347.02,138.6,60.21,train
data/raw/car_damage_severity/data3a/training/01-minor/0055.JPEG,0055.JPEG,minor,0,eaab86bf41b9a8ecae7d9eeee7a2d16ed1a3ebfcc4fde280eb93100080d4068f,259,194,1.3351,4388.74,114.36,65.13,train
data/raw/car_damage_severity/data3a/training/01-minor/0056.JPEG,0056.JPEG,minor,0,ad5c13b7f827ab06cc86f81060e30c3f33f389963de32b54d78fc29f38838308,269,187,1.4385,2078.58,146.8,58.55,train
data/raw/car_damage_severity/data3a/training/01-minor/0061.jpeg,0061.jpeg,minor,0,e71b1ac4ac7c2ffa5dfd8475cf49525d60b359424ee5bf2b9c2ff1a60918cd42,275,183,1.5027,958.62,120.97,60.57,train
data/raw/car_damage_severity/data3a/training/01-minor/0063.JPEG,0063.JPEG,minor,0,fc9be62e8772e84f385fb0f423df865339003e76a007931c4649433fcb0f0d8f,266,189,1.4074,1915.5,129.41,68.2,train
data/raw/car_damage_severity/data3a/training/01-minor/0064.JPEG,0064.JPEG,minor,0,e223c76d34b19f7aa7f4606a013d84b7bec847db8f82c40000e59c920fd56654,280,180,1.5556,1070.11,98.47,65.54,train
data/raw/car_damage_severity/data3a/training/01-minor/0065.JPEG,0065.JPEG,minor,0,19c6b593353e0cb8b095bb262d5129c8a10cc28a60406946a35b589048c4a6b8,191,127,1.5039,2806.02,82.43,57.31,train
data/raw/car_damage_severity/data3a/training/01-minor/0067.JPEG,0067.JPEG,minor,0,09efc700d3e7168c5a285053c4937105fc963be108c5baed836d87d261723d02,290,174,1.6667,4034.4,113.6,58.03,train
data/raw/car_damage_severity/data3a/training/01-minor/0069.JPEG,0069.JPEG,minor,0,0cc57df97773a311094ba4d67e3427babc6116f82ee70b5d404d0f585faf2e2b,273,184,1.4837,1625.65,85.38,50.52,train
data/raw/car_damage_severity/data3a/training/01-minor/0070.JPEG,0070.JPEG,minor,0,a1728345276305764d2232fd85a4d7adc75d14f4177d1e4362d70e51c4aa390b,300,168,1.7857,910.58,106.23,58.11,train
data/raw/car_damage_severity/data3a/training/01-minor/0071.JPEG,0071.JPEG,minor,0,be0d877e35acffb7270f2b050b76e1dca0a2c3b2935f075ebf19a1559bb62ca4,275,183,1.5027,1331.04,67.27,50.48,train
data/raw/car_damage_severity/data3a/training/01-minor/0073.JPEG,0073.JPEG,minor,0,b395098d373e8023dd309e7275b554fc8735e8e7177525b6b2f1f4524625f032,259,194,1.3351,3116.75,130.37,56.72,train
data/raw/car_damage_severity/data3a/training/01-minor/0074.JPEG,0074.JPEG,minor,0,1564f8279864ec8504c185fb7de593a41b2b5f28d799061a23a4fa993ef9d46a,310,162,1.9136,2920.89,143.61,80.34,train
data/raw/car_damage_severity/data3a/training/01-minor/0076.JPEG,0076.JPEG,minor,0,25cfd1edfa88183ff755ff78eaf330093271b22f6cfc624d810cc744a19f0cc3,259,194,1.3351,1159.57,116.37,66.22,train
data/raw/car_damage_severity/data3a/training/01-minor/0078.JPEG,0078.JPEG,minor,0,f29cbcfad04d999e388ccaa23a49e38333dbb4e3d3b6e65f3b39f4cd68da4dac,259,194,1.3351,1575.63,98.11,58.54,train
data/raw/car_damage_severity/data3a/training/01-minor/0079.JPEG,0079.JPEG,minor,0,4f0093a4b269560de7fbc19d101c2bcf9e5630890f128bf78cd9fbf1de92eb8f,194,259,0.749,1711.77,132.35,61.12,train
data/raw/car_damage_severity/data3a/training/01-minor/0080.JPEG,0080.JPEG,minor,0,e8594eaa424e5d04dca23dfe1250efbd529d5f44c04aeabdb7f25ece6c0b3713,259,194,1.3351,1120.16,156.45,65.89,train
data/raw/car_damage_severity/data3a/training/01-minor/0082.JPEG,0082.JPEG,minor,0,0d43e99b4b309096eeb7b9629eb415999a1539a7f4eb7549c81ea743f6b59967,266,189,1.4074,1684.25,133.16,50.46,train
data/raw/car_damage_severity/data3a/training/01-minor/0083.JPEG,0083.JPEG,minor,0,5c5e683c1b6674432a8e158113fb5fb697f0d3df84a59a1dadc46263ea7983e9,259,194,1.3351,1936.5,136.02,71.59,train
data/raw/car_damage_severity/data3a/training/01-minor/0084.JPEG,0084.JPEG,minor,0,a5cda90a8c36bc8e9fed6d9c9d93c76a954e655dfe52defc1c7a4bbf5358ab3f,259,194,1.3351,4088.35,133.99,81.8,train
data/raw/car_damage_severity/data3a/training/01-minor/0086.JPEG,0086.JPEG,minor,0,97a425cd454bf003d2f1f2061ac0368b738c51059492da440fa66f767c78a969,259,194,1.3351,2364.61,105.68,61.69,train
data/raw/car_damage_severity/data3a/training/01-minor/0089.JPEG,0089.JPEG,minor,0,cc3a54f23ac74c4cc81d827e5e590b8f45a37397879de286f32a9e2da59bcddf,259,194,1.3351,410.47,156.91,66.56,train
data/raw/car_damage_severity/data3a/training/01-minor/0090.JPEG,0090.JPEG,minor,0,9f77eb37b89aa64ce8407cee10e7d06871cb49b52fd669eb633d60f9e78d084b,286,176,1.625,1993.01,128.29,57.43,train
data/raw/car_damage_severity/data3a/training/01-minor/0091.JPEG,0091.JPEG,minor,0,737e8e489b03cd2a6113b715a72d3ada8a3a4458c82c4ae55eba1b91abde8968,224,224,1.0,1393.57,98.1,49.43,train
data/raw/car_damage_severity/data3a/training/01-minor/0094.JPEG,0094.JPEG,minor,0,e5ac2a6189f70722fb6b07c904d2824ef856d5a0f295c5623ac8545bfcd71d56,259,194,1.3351,3690.81,112.57,57.01,train
data/raw/car_damage_severity/data3a/training/01-minor/0096.JPEG,0096.JPEG,minor,0,6db476a629cd12fa6b8256fbab5e7a84472e6ecc80ba05f28591b1cbce999a4b,266,189,1.4074,1668.92,151.14,70.52,train
data/raw/car_damage_severity/data3a/training/01-minor/0097.JPEG,0097.JPEG,minor,0,a80cae47a98462486bda8103c716182de5fd584d2ca8df3db7531e99bd99f8fd,259,194,1.3351,1179.04,121.39,58.88,train
data/raw/car_damage_severity/data3a/training/01-minor/0099.JPEG,0099.JPEG,minor,0,5533c44e0ca90d3fe82ffd91c4e5524f4cc897df3de30ee09d38af07f58ba87f,310,163,1.9018,2402.8,106.73,59.73,train
data/raw/car_damage_severity/data3a/training/01-minor/0100.JPEG,0100.JPEG,minor,0,394da8fe165b026fddea73962eba7b35e4d38a026e7865545fba7aa091288c7a,170,183,0.929,5404.37,63.23,70.27,train
data/raw/car_damage_severity/data3a/training/01-minor/0101.JPEG,0101.JPEG,minor,0,e7da97bcfe2a32e848e0b773cbd4069d79fb9fd1dd20720333cd8c039ba860b2,300,168,1.7857,1653.52,148.09,54.67,train
data/raw/car_damage_severity/data3a/training/01-minor/0103.JPEG,0103.JPEG,minor,0,c08c8e2ba42f6d5d92e798fcde35a9e855efee9219ce9d7d2aadc3232b4da65f,259,194,1.3351,3642.09,104.73,72.48,train
data/raw/car_damage_severity/data3a/training/01-minor/0104.JPEG,0104.JPEG,minor,0,3890e558810a5c01182037ab5f05899a1235b7d2f45e79be1c30b51f33202c15,225,225,1.0,1671.79,110.7,60.61,train
data/raw/car_damage_severity/data3a/training/01-minor/0105.JPEG,0105.JPEG,minor,0,aa35e22899ec716146c579c8f50b860faa525a4d3200782e3bf8fa2dcc59e196,260,194,1.3402,1352.66,98.25,81.19,train
data/raw/car_damage_severity/data3a/training/01-minor/0107.JPEG,0107.JPEG,minor,0,e6aa79683d036b635563a579fe48fe5937c6a076841133bddf12fde7c5bf857a,275,183,1.5027,2090.21,99.63,68.74,train
data/raw/car_damage_severity/data3a/training/01-minor/0108.JPEG,0108.JPEG,minor,0,5db1d1820e0cecd177ffc0b09bf4d13edeb74a4c374c2b14b28b5281a5fc789b,275,183,1.5027,1801.56,136.93,82.2,train
data/raw/car_damage_severity/data3a/training/01-minor/0109.JPEG,0109.JPEG,minor,0,d59ccbfc77c288288b32595b11ed1a6994aa9d742b65b307de7f0582faa756a8,290,174,1.6667,1080.63,112.56,75.42,train
data/raw/car_damage_severity/data3a/training/01-minor/0110.JPEG,0110.JPEG,minor,0,525bebedd1d3883d718f3caa11f0c331a2a619997eb4e114cb678ee406510e72,275,183,1.5027,4259.61,81.44,63.52,train
data/raw/car_damage_severity/data3a/training/01-minor/0112.JPEG,0112.JPEG,minor,0,cab782ab18addddc87b77224f973e966736cb3d11d0a3913ab469fc930dde0cb,254,198,1.2828,3340.66,103.87,59.99,train
data/raw/car_damage_severity/data3a/training/01-minor/0113.JPEG,0113.JPEG,minor,0,1c003c9a49bdf68d00cb1fe959925e1a827194ca2a0242297056791e410384d7,259,194,1.3351,1329.43,111.03,71.46,train
data/raw/car_damage_severity/data3a/training/01-minor/0114.JPEG,0114.JPEG,minor,0,fde217b58ede00202295eb5121df1c573de7aba83ed1aafcaeca1ce6ec1def53,220,229,0.9607,3358.38,84.28,71.21,train
data/raw/car_damage_severity/data3a/training/01-minor/0115.JPEG,0115.JPEG,minor,0,ec98c742536966cb562e06a27aa8250d92758a5e350d440fd27f4414f4c0b111,259,194,1.3351,858.82,70.34,49.57,train
data/raw/car_damage_severity/data3a/training/01-minor/0116.JPEG,0116.JPEG,minor,0,fb5481e0e2041f996899c2165d72da78bc897652705746f24af106c2ad4dfbe7,194,260,0.7462,2534.71,110.09,65.2,train
data/raw/car_damage_severity/data3a/training/01-minor/0119.JPEG,0119.JPEG,minor,0,b1a39a3dbec7be619c477427deff247744efc5116c1035085bb374999fb529c3,300,168,1.7857,4078.06,110.17,82.38,train
data/raw/car_damage_severity/data3a/training/01-minor/0120.JPEG,0120.JPEG,minor,0,bc2dfe3761a330254c832ed1bf78f6b7cd986f23b8e2060e1a46992d4d8c7e24,259,194,1.3351,1511.83,81.56,65.76,train
data/raw/car_damage_severity/data3a/training/01-minor/0121.JPEG,0121.JPEG,minor,0,07933a216b1da782c52d059f1bb6cbbf748cc27511d46f76beb77bef408ed254,267,189,1.4127,1455.51,122.74,56.45,train
data/raw/car_damage_severity/data3a/training/01-minor/0122.JPEG,0122.JPEG,minor,0,d1b8ee0a7f5d50a7ea47a4d7edc60dacc52b35e79d7f2337454df5437a1d268e,290,174,1.6667,919.81,89.9,73.77,train
data/raw/car_damage_severity/data3a/training/01-minor/0124.JPEG,0124.JPEG,minor,0,d7b30f250d8068e12f75d1c35822f5892003865f203c6d902c7d72a7e552e337,267,189,1.4127,3249.8,82.29,54.9,train
data/raw/car_damage_severity/data3a/training/01-minor/0125.JPEG,0125.JPEG,minor,0,cda12cbefcb56085b266be33ad409a55452671128ac9fca9902681fa6c078fe4,184,147,1.2517,3227.07,105.18,78.19,train
data/raw/car_damage_severity/data3a/training/01-minor/0126.JPEG,0126.JPEG,minor,0,cfefc088f495e1dae8ee9f33a99b0566bf7a6ff87d899c91e01f5df10f8d8d3c,294,171,1.7193,2963.15,94.11,72.31,train
data/raw/car_damage_severity/data3a/training/01-minor/0127.JPEG,0127.JPEG,minor,0,1b0cbe67b2ae12d5af55bcf5430f87b6943e5a1e2fee2763e58de3cd7b85a0cb,259,194,1.3351,1555.67,108.3,48.35,train
data/raw/car_damage_severity/data3a/training/01-minor/0129.JPEG,0129.JPEG,minor,0,6b70a2d1591df638c2008db726becf205878220527e6c6c890a873630673a687,300,168,1.7857,1560.47,127.11,47.65,train
data/raw/car_damage_severity/data3a/training/01-minor/0131.jpeg,0131.jpeg,minor,0,45dafbfb9b25d4c59c27c9f7a1f84f5b5e4bb6fa2f31ac26e5abbfc342c26765,290,174,1.6667,1665.69,133.61,50.31,train
data/raw/car_damage_severity/data3a/training/01-minor/0132.JPEG,0132.JPEG,minor,0,79668a10d68568c45b5d89081b16bd439030b5456acf1ce51153febe75263eb4,156,202,0.7723,1823.48,91.99,55.22,train
data/raw/car_damage_severity/data3a/training/01-minor/0133.JPEG,0133.JPEG,minor,0,6716f16c0d4a0ffab48708ff4f059e845756d883be822bcff249f930ba8bd645,265,190,1.3947,1777.58,124.6,60.73,train
data/raw/car_damage_severity/data3a/training/01-minor/0135.JPEG,0135.JPEG,minor,0,ff45eff8549aeac9853f60672e6f288b6b6bd90d346d69266e197370ff5ad46c,204,143,1.4266,1590.97,87.56,66.75,train
data/raw/car_damage_severity/data3a/training/01-minor/0137.JPEG,0137.JPEG,minor,0,a971068690c3442d08c653579f349394a7ece36cd0719644d99674a838d6ab9a,259,194,1.3351,2131.98,109.66,59.92,train
data/raw/car_damage_severity/data3a/training/01-minor/0138.JPEG,0138.JPEG,minor,0,7f71fa704dd1a5f9773b97d5bb2724639d3538c4718284416e49796387b2b38c,321,157,2.0446,1916.39,125.88,80.65,train
data/raw/car_damage_severity/data3a/training/01-minor/0139.JPEG,0139.JPEG,minor,0,3c84a88af3f1f4bfd005ec23a7b7736bc640b059a225f54261d21149ef51ac82,299,168,1.7798,1579.66,81.33,62.52,train
data/raw/car_damage_severity/data3a/training/01-minor/0141.JPEG,0141.JPEG,minor,0,a838096e36d905a05ec86d29b715cf9645e8a8542c651d3e20336273331609dd,231,219,1.0548,599.09,97.9,30.65,train
data/raw/car_damage_severity/data3a/training/01-minor/0142.JPEG,0142.JPEG,minor,0,78cbbfde033611842c616f8c5ab380faf948ad0b41c1103546acb57007e10380,337,150,2.2467,1073.33,69.6,48.7,train
data/raw/car_damage_severity/data3a/training/01-minor/0145.JPEG,0145.JPEG,minor,0,a2ca76d3e52b5c8c7266ff9fb0b9969cd207a7a5cfdc8ea479851a805da2c998,259,194,1.3351,3093.36,113.41,57.15,train
data/raw/car_damage_severity/data3a/training/01-minor/0147.JPEG,0147.JPEG,minor,0,cbcc353055d2186201256696702f55598eaa535e80177b3b13ea8ddcb951608d,259,194,1.3351,1750.07,99.85,76.28,train
data/raw/car_damage_severity/data3a/training/01-minor/0149.JPEG,0149.JPEG,minor,0,b9204a3437a25de31b1f29b2bbd5cdba41b085e1537963675a1672b11f1a3e21,179,281,0.637,2380.59,203.39,55.54,train
data/raw/car_damage_severity/data3a/training/01-minor/0150.JPEG,0150.JPEG,minor,0,64698b0bc85b4f5ee3d4ca0f0202029feabd36cf99f6b5e42aeea2410985848e,158,112,1.4107,2716.75,101.74,76.16,train
data/raw/car_damage_severity/data3a/training/01-minor/0151.JPEG,0151.JPEG,minor,0,9022fb17942c9289c639b93a38c9084b4336ae46807a4f296f5a83e872e1414b,275,183,1.5027,1413.05,63.78,56.05,train
data/raw/car_damage_severity/data3a/training/01-minor/0152.JPEG,0152.JPEG,minor,0,f27c4de32bc70087577a90f1810de3b465fea8e9485b3d97a8590a2765cec43c,179,281,0.637,2407.54,159.58,88.23,train
data/raw/car_damage_severity/data3a/training/01-minor/0153.JPEG,0153.JPEG,minor,0,b5d64ae44ea016298b25704c544d05e756005e6d8627946586df89a54e256a82,259,194,1.3351,3889.88,132.62,68.11,train
data/raw/car_damage_severity/data3a/training/01-minor/0154.JPEG,0154.JPEG,minor,0,a6e9970723f72b299559ed372fc80d6a17b7d5365e8a57485613c99bef780a66,259,194,1.3351,629.4,106.28,59.34,train
data/raw/car_damage_severity/data3a/training/01-minor/0155.JPEG,0155.JPEG,minor,0,0a4cfee560b4d82da64fef0e2bff7957515781e8e4bd598612a884ef1236543b,258,195,1.3231,855.72,118.12,67.58,train
data/raw/car_damage_severity/data3a/training/01-minor/0156.JPEG,0156.JPEG,minor,0,891253a945f2d443d534a1c64fff4a949e8f0eefec98b9863437df2a30a42c08,259,194,1.3351,2095.22,102.98,75.71,train
data/raw/car_damage_severity/data3a/training/01-minor/0157.JPEG,0157.JPEG,minor,0,fe51864b10595e0061d8b5d1f153877a31f45a6b1659b3238d183d965ea85fbc,153,114,1.3421,3183.66,118.42,63.02,train
data/raw/car_damage_severity/data3a/training/01-minor/0159.JPEG,0159.JPEG,minor,0,b3ab7e0fc233eea21e4fad89ae3c1c8586fbe3f08f9e112e4fd3f5ae9a6be26b,269,188,1.4309,3611.09,125.04,76.83,train
data/raw/car_damage_severity/data3a/training/01-minor/0161.JPEG,0161.JPEG,minor,0,e6d48e1e866d7ae8db6ace7aaab8049767b7ffc43edb675c3398e5728f49d9e9,147,123,1.1951,1385.67,109.76,55.22,train
data/raw/car_damage_severity/data3a/training/01-minor/0162.JPEG,0162.JPEG,minor,0,bb7ffa70128079e1b93027a672e3bd13973beeb42f5093f1a18654ac4629eb62,259,194,1.3351,762.27,141.36,59.01,train
data/raw/car_damage_severity/data3a/training/01-minor/0163.JPEG,0163.JPEG,minor,0,90b3f6b7e517ffef3b1b09ca247adf782b183c754c1cb163b5226872aebf02ff,259,194,1.3351,3202.37,122.76,65.5,train
data/raw/car_damage_severity/data3a/training/01-minor/0165.JPEG,0165.JPEG,minor,0,5f589134de6d1c3111e6a5e6864c886ae9a7ed4cfc5bdebb86e64dd67a9222fa,300,168,1.7857,3024.6,124.97,64.84,train
data/raw/car_damage_severity/data3a/training/01-minor/0166.JPEG,0166.JPEG,minor,0,d54f00016f0da21123639a842d36cb84835444f31769f987fbcb3aa342076485,259,194,1.3351,1018.6,103.87,81.67,train
data/raw/car_damage_severity/data3a/training/01-minor/0167.JPEG,0167.JPEG,minor,0,5561bde102f6a4b559580beabfbfff18338a271fe0ce0301fe90201dfa012c47,245,206,1.1893,1552.9,153.83,74.61,train
data/raw/car_damage_severity/data3a/training/01-minor/0171.JPEG,0171.JPEG,minor,0,e15bc427a97ce8bdb97d2cfd61e061f3ef3f7ccd444b685cd8eb9ee07b471c32,298,169,1.7633,2222.23,113.61,58.92,train
data/raw/car_damage_severity/data3a/training/01-minor/0172.JPEG,0172.JPEG,minor,0,2ab66e47e80e5302849b54bbf54fe0152120db3e507ff5c3c320df9bdb7d1502,259,194,1.3351,1376.19,120.5,49.51,train
data/raw/car_damage_severity/data3a/training/01-minor/0174.JPEG,0174.JPEG,minor,0,c532cffb65c88b37c8d0faba6aeb4e1480c4cb326bd0f8de7f6310c5bd965835,265,190,1.3947,1215.22,87.99,57.57,train
data/raw/car_damage_severity/data3a/training/01-minor/0175.JPEG,0175.JPEG,minor,0,a6317c888d789649cf40fdbde176b87dfd13abbdab503c618abe67e3805e8fc4,260,194,1.3402,1643.59,102.82,67.73,train
data/raw/car_damage_severity/data3a/training/01-minor/0177.JPEG,0177.JPEG,minor,0,c7c49ae0ee2e61b30a295d377954f03841b94cd0e1160fa1161d3d039f1d287b,300,168,1.7857,2866.23,121.48,54.31,train
data/raw/car_damage_severity/data3a/training/01-minor/0179.JPEG,0179.JPEG,minor,0,f2a477241ecf99ca3f1036fa3354bcc2d1dbaab1f614c455c6b135018954ccc8,299,168,1.7798,2353.96,98.45,78.73,train
data/raw/car_damage_severity/data3a/training/01-minor/0180.JPEG,0180.JPEG,minor,0,2434335eb603ad8d8dd3f5a2ae5006e9eb67db700fc069fc54d9049445acd4ee,251,201,1.2488,1334.41,140.77,63.76,train
data/raw/car_damage_severity/data3a/training/01-minor/0181.JPEG,0181.JPEG,minor,0,1245cd4c84ca7a9aab7a1183de65cb372fb4752d37f9f83c0cb6b08b25fe4960,260,194,1.3402,2444.94,139.85,51.11,train
data/raw/car_damage_severity/data3a/training/01-minor/0182.JPEG,0182.JPEG,minor,0,e1fb40242c492fa321b73d8dea3dcd57d023f70a000370f6b48cf5ae5944755b,194,259,0.749,920.95,124.9,73.29,train
data/raw/car_damage_severity/data3a/training/01-minor/0183.JPEG,0183.JPEG,minor,0,b8e593461eb26f2d2564756b94eef9fb6be3ae8f7520a9ca225205fb409fe83d,249,202,1.2327,2161.62,94.3,59.93,train
data/raw/car_damage_severity/data3a/training/01-minor/0184.JPEG,0184.JPEG,minor,0,d7fc00e0b862a841fecbae5051d00a6aa482af776d6d058b3efb971ec003362a,259,194,1.3351,1824.8,111.1,64.82,train
data/raw/car_damage_severity/data3a/training/01-minor/0185.JPEG,0185.JPEG,minor,0,b29d2c6d8e7f13d41a0b71420c67e2213e01b258cfb2e4640f02e69de442221e,299,168,1.7798,968.28,117.68,50.27,train
data/raw/car_damage_severity/data3a/training/01-minor/0186.JPEG,0186.JPEG,minor,0,a10c35b3a479bde83de9d76d2eb932bac000ff983a4b0b2e7b0dbdb6c4a568a8,187,150,1.2467,3042.51,124.2,75.89,train
data/raw/car_damage_severity/data3a/training/01-minor/0187.JPEG,0187.JPEG,minor,0,420860e85b30c3be8f876bbb6b33b4f447c13f39578af27d94608c81f91f3f42,251,201,1.2488,1490.29,144.43,59.4,train
data/raw/car_damage_severity/data3a/training/01-minor/0188.JPEG,0188.JPEG,minor,0,69e186d89d24e27d6e54828c81d71b5fd1e12731ce2592d34179ffe6c8069756,300,168,1.7857,2311.31,100.45,64.62,train
data/raw/car_damage_severity/data3a/training/01-minor/0189.JPEG,0189.JPEG,minor,0,66823e79af60e04efca69404cd5053af4fc2edf0305d263b3d6c182a8cdc9cec,259,194,1.3351,1957.63,121.85,64.58,train
data/raw/car_damage_severity/data3a/training/01-minor/0190.JPEG,0190.JPEG,minor,0,e0d9d47793e0785aecd7508b9f554ee854b98ef5077ec03fbf5be328c3941ac7,275,183,1.5027,1127.63,117.29,47.61,train
data/raw/car_damage_severity/data3a/training/01-minor/0191.JPEG,0191.JPEG,minor,0,2779f4ee3610faa3e58890ac6339f397880d98af5964e0a48282a29054d883cb,225,225,1.0,706.09,107.95,53.18,train
data/raw/car_damage_severity/data3a/training/01-minor/0192.JPEG,0192.JPEG,minor,0,7cc95115e6e46576bd6f4960a87c2de70ce6d28371d1d94a3b28f41bcbb01b29,260,194,1.3402,2826.8,103.47,64.44,train
data/raw/car_damage_severity/data3a/training/01-minor/0194.JPEG,0194.JPEG,minor,0,a49d9ad737bf24ca6c74b3c21cdacc7cae255ede1546be5b5338b7e802d17697,295,171,1.7251,554.52,86.01,50.88,train
data/raw/car_damage_severity/data3a/training/01-minor/0198.JPEG,0198.JPEG,minor,0,5e876ef739a772b499b9b142a8eada648760fd231f33212a2686e5573891535d,267,189,1.4127,2142.13,177.54,69.79,train
data/raw/car_damage_severity/data3a/training/01-minor/0199.JPEG,0199.JPEG,minor,0,5c98be2ee992b41d7de3a8288d39b189d80de8110413d155e6b28637e1773cc0,194,260,0.7462,1275.88,113.5,88.68,train
data/raw/car_damage_severity/data3a/training/01-minor/0200.JPEG,0200.JPEG,minor,0,d52a00ed5929f16b3d17df2e8f58c3030dfc06854759ac262215a69bcccae649,178,157,1.1338,1399.51,93.73,40.47,train
data/raw/car_damage_severity/data3a/training/01-minor/0201.JPEG,0201.JPEG,minor,0,3e9f30a8c03f7ade72a277e87681e1ee7299b5e6dac8422bef449d44849797aa,184,143,1.2867,2720.1,98.82,65.09,train
data/raw/car_damage_severity/data3a/training/01-minor/0202.JPEG,0202.JPEG,minor,0,d44b88a231ff40494689f070b383564541c4628dc764fe37b31a40c8d33ffd9b,275,183,1.5027,1539.47,117.0,74.48,train
data/raw/car_damage_severity/data3a/training/01-minor/0203.JPEG,0203.JPEG,minor,0,68cd32abc71e0f7710bcc5f04a44c179ce5501ff75d4c50cd060dd615c3ddc0f,244,89,2.7416,3167.93,97.53,61.71,train
data/raw/car_damage_severity/data3a/training/01-minor/0204.JPEG,0204.JPEG,minor,0,8eaba7de3d59cb46f6d7632a09376e0f610728c542c8f8a74ccfb82ae01f55c3,260,194,1.3402,1637.7,93.85,48.2,train
data/raw/car_damage_severity/data3a/training/01-minor/0207.JPEG,0207.JPEG,minor,0,fbf9a81a382c02cca986c6f173387c413e07d9850b415f31415813a34b769765,259,194,1.3351,1130.99,121.33,58.07,train
data/raw/car_damage_severity/data3a/training/01-minor/0208.JPEG,0208.JPEG,minor,0,ab4432d73b51e49e1527f51adaccc4a4c2ca89cfe82325a455a7ed3f10ab5d1d,259,194,1.3351,1437.21,136.96,68.72,train
data/raw/car_damage_severity/data3a/training/01-minor/0209.JPEG,0209.JPEG,minor,0,b3f8cbf4b7fdd1f617f7a2d8a06e098e9e7fd6b09d3069657da0dcd7fbd66770,275,183,1.5027,1408.17,152.7,81.12,train
data/raw/car_damage_severity/data3a/training/01-minor/0212.JPEG,0212.JPEG,minor,0,815cd86558dc39ab2ec7eb29b6d090cf924e7c525f77fae4f42ea9ffe7d8a37b,300,168,1.7857,886.54,104.66,33.94,train
data/raw/car_damage_severity/data3a/training/01-minor/0213.jpeg,0213.jpeg,minor,0,aaf227900d3d9e6379b0c6202a0875492894586f989d2510a23ba0c28a338819,299,168,1.7798,2328.85,84.29,65.65,train
data/raw/car_damage_severity/data3a/training/01-minor/0214.JPEG,0214.JPEG,minor,0,98dd9cf63a1667bdd00686b2b32e5f3370853eed4ac28fe492e98f16f5ea5598,276,183,1.5082,2000.66,105.72,76.03,train
data/raw/car_damage_severity/data3a/training/01-minor/0215.jpeg,0215.jpeg,minor,0,d41b6ed97b70cf05b9f968d7ae8118eb05073232fffaab5ec242ee1edede9933,300,168,1.7857,2091.8,120.86,80.11,train
data/raw/car_damage_severity/data3a/training/01-minor/0221.JPEG,0221.JPEG,minor,0,5db1d1820e0cecd177ffc0b09bf4d13edeb74a4c374c2b14b28b5281a5fc789b,275,183,1.5027,1801.56,136.93,82.2,train
data/raw/car_damage_severity/data3a/training/01-minor/0222.JPEG,0222.JPEG,minor,0,0ccae5a4f1cea64d1441a40f1b99772fdf14733f1e3b616820376a9cb70153a2,275,183,1.5027,530.77,144.0,34.95,train
data/raw/car_damage_severity/data3a/training/01-minor/0223.JPEG,0223.JPEG,minor,0,101bcf8ed47c8680ea56c5ac405bd0e485694968953b103c85ea0fe99405b72f,227,118,1.9237,2704.32,108.12,71.36,train
data/raw/car_damage_severity/data3a/training/01-minor/0224.JPEG,0224.JPEG,minor,0,16e47bfd0eca7d828b8171e8b2998e9aa7a7668bd023e7eb3ddb57f0fa164bd4,235,215,1.093,1552.82,105.0,62.48,train
data/raw/car_damage_severity/data3a/training/01-minor/0225.JPEG,0225.JPEG,minor,0,f6bdc8f3228765243682f05d4b18fc55155af1363141bf3c504032f36daed085,259,194,1.3351,1311.36,85.55,74.8,train
data/raw/car_damage_severity/data3a/training/01-minor/0226.JPEG,0226.JPEG,minor,0,f358d81e9252a4b5c710bd6b10dcb891d2fa43a32d51632749b1f3215e9d5997,259,194,1.3351,2846.42,115.45,70.25,train
data/raw/car_damage_severity/data3a/training/01-minor/0227.JPEG,0227.JPEG,minor,0,1eccfd37479cfcdac0a96d036735388bf78c03e4ce955646702e60e5693c781d,269,188,1.4309,1918.43,98.96,52.68,train
data/raw/car_damage_severity/data3a/training/01-minor/0228.JPEG,0228.JPEG,minor,0,9b7503c40a0c89b46463d6aa6d3c3bdc2bb7ad8ad6d4a2a59bef298ec1f19119,259,194,1.3351,2066.02,113.51,63.42,train
data/raw/car_damage_severity/data3a/training/01-minor/0229.JPEG,0229.JPEG,minor,0,50dd5d739c46acad47bce5e6cd6c9ce3797e53daac6cf9a1f4fb294d0bd95f44,259,194,1.3351,1870.1,98.83,75.78,train
data/raw/car_damage_severity/data3a/training/01-minor/0231.JPEG,0231.JPEG,minor,0,902afa937a38564d060f465f29fcfa0dbbbe233e256db29e6c6416b5c568e3b0,225,225,1.0,1013.19,86.17,43.86,train
data/raw/car_damage_severity/data3a/training/01-minor/0232.JPEG,0232.JPEG,minor,0,41d0e3cba780ba49dbb9d8c26d0bf1223a29b06594f1f1ac38e2fd616c3525b2,275,183,1.5027,1903.73,86.46,54.92,train
data/raw/car_damage_severity/data3a/training/01-minor/0234.JPEG,0234.JPEG,minor,0,1811f6d20053ae9dee0309e080fc9e6f10409e8f0e2d22e8efd02984ea226aed,260,194,1.3402,3520.06,137.23,72.61,train
data/raw/car_damage_severity/data3a/training/01-minor/0235.JPEG,0235.JPEG,minor,0,757c5108ac9aff34e3efd75e592e158b34dc0994c17ad3387060f31815fd19d0,276,183,1.5082,2907.83,125.43,55.37,train
data/raw/car_damage_severity/data3a/training/01-minor/0236.JPEG,0236.JPEG,minor,0,33e0b5933be995fe28798bd1fc84c798517e1cc979f79f04ccb8689ab34698a7,259,194,1.3351,530.38,114.65,62.25,train
data/raw/car_damage_severity/data3a/training/01-minor/0237.JPEG,0237.JPEG,minor,0,298db71585f78b044322bf427277896481f892cbc9d185dd889d08520ad8d4e5,227,222,1.0225,1714.77,112.16,79.17,train
data/raw/car_damage_severity/data3a/training/01-minor/0240.JPEG,0240.JPEG,minor,0,0bce8ee794e3fcbd6696507b5bd0f4cea09f3ea2963914231d55f06e63a4a555,259,194,1.3351,546.08,95.97,54.62,train
data/raw/car_damage_severity/data3a/training/01-minor/0241.JPEG,0241.JPEG,minor,0,fb77e097421649d0516981b26dcc78c6ebe80238ec8c69648f5daf0474409016,232,217,1.0691,1235.06,149.11,79.98,train
data/raw/car_damage_severity/data3a/training/01-minor/0242.JPEG,0242.JPEG,minor,0,8ec8a6051106317f9757388b8677645478ccb0a831758c5cde6cef2baa339c49,252,130,1.9385,1080.97,129.95,59.69,train
data/raw/car_damage_severity/data3a/training/01-minor/0244.JPEG,0244.JPEG,minor,0,8f82fa59373bd97077d987f4c8620a144a069c142b38bc4781e60dc62437c4ba,259,194,1.3351,2365.07,128.95,69.37,train
data/raw/car_damage_severity/data3a/training/01-minor/0246.JPEG,0246.JPEG,minor,0,e8daf02fc9df53e2a5a531a250e84249c7e9cca622cf5a9fbda499f3956450a9,275,183,1.5027,704.56,107.34,69.99,train
data/raw/car_damage_severity/data3a/training/01-minor/0247.JPEG,0247.JPEG,minor,0,69d14bc80619f608f4e0dc1c036ec8ed2b78b9bf6765a6e314fb9438ab05b669,275,183,1.5027,1339.93,166.23,38.56,train
data/raw/car_damage_severity/data3a/training/01-minor/0248.JPEG,0248.JPEG,minor,0,602715d79f684f6b894e4b925c8eaa3b26e6468ecdcc680c58dbc5d0999e2464,259,194,1.3351,1216.74,72.79,54.23,train
data/raw/car_damage_severity/data3a/training/01-minor/0249.JPEG,0249.JPEG,minor,0,a83400ff40086166bb093344a3d6b7b7d414392c2785df9ad524988fbe5cc87c,269,188,1.4309,2116.8,140.53,67.98,train
data/raw/car_damage_severity/data3a/training/01-minor/0250.JPEG,0250.JPEG,minor,0,dfdb217b9e3dc078f7fc9f02e9b81922678a7e01ba1f0f7f719006761c80c6a8,259,194,1.3351,1199.66,62.21,46.17,train
data/raw/car_damage_severity/data3a/training/01-minor/0251.JPEG,0251.JPEG,minor,0,add2d80af5e1756d1a6774ffb0ff00b229875ba2f44eaa2cc51ca57d2dc8ba02,259,194,1.3351,1794.55,110.23,54.37,train
data/raw/car_damage_severity/data3a/training/01-minor/0254.JPEG,0254.JPEG,minor,0,38079d45ba9e86ea9fd4ac6929f0a7f89b5aefa1e3dea09ec7d74b98ff08f144,259,194,1.3351,2180.44,109.67,84.44,train
data/raw/car_damage_severity/data3a/training/01-minor/0256.JPEG,0256.JPEG,minor,0,f71efcbac634f59353f80e40968338474143396c8e6a853a66874b2ba9170fa9,225,225,1.0,1357.92,96.44,49.48,train
data/raw/car_damage_severity/data3a/training/01-minor/0259.JPEG,0259.JPEG,minor,0,108c0b7744622d0ec9ba9cf5aeeccc56f30f9532bc50f1bc5a9dfcb0ca06658a,276,183,1.5082,1108.08,102.93,38.73,train
data/raw/car_damage_severity/data3a/training/01-minor/0261.JPEG,0261.JPEG,minor,0,3ed9ca8364a0670513d3758cd821a20a48bb70d362343484d48ab59a1d48f4cb,275,183,1.5027,1245.8,151.55,73.64,train
data/raw/car_damage_severity/data3a/training/01-minor/0262.JPEG,0262.JPEG,minor,0,549dc02ce03afa879d39f02d161ece262eee60ad4ad4fcfdf8c86d2b066999c1,259,194,1.3351,1218.67,138.18,76.18,train
data/raw/car_damage_severity/data3a/training/01-minor/0266.JPEG,0266.JPEG,minor,0,d1cefcc844c6d1104cf76877db5b407471584eca7d1eea349ace9fdfd6720552,274,184,1.4891,1743.33,109.82,48.27,train
data/raw/car_damage_severity/data3a/training/01-minor/0267.JPEG,0267.JPEG,minor,0,8e8f018ae91abf51695e20461a90b6c9c55028dfc6e21a2d0e9c68847cfc92bc,300,168,1.7857,686.29,105.18,45.85,train
data/raw/car_damage_severity/data3a/training/01-minor/0269.JPEG,0269.JPEG,minor,0,9d9d82ba1e475bc46f95c07417f5e940fb14c57d49c9f54e842feea3ac585322,259,194,1.3351,4198.1,77.97,61.38,train
data/raw/car_damage_severity/data3a/training/01-minor/0271.JPEG,0271.JPEG,minor,0,9d0e9dde0769c57c1a78b6285f02afb70fbc271d34f9c02074959dceb20b8dd2,259,194,1.3351,1198.3,132.09,68.77,train
data/raw/car_damage_severity/data3a/training/01-minor/0272.JPEG,0272.JPEG,minor,0,66f91bb982cb412220c427dbf2738fae222278e2331ef96e6f1ace2f91fe51a9,275,183,1.5027,515.99,173.46,42.13,train
data/raw/car_damage_severity/data3a/training/01-minor/0274.JPEG,0274.JPEG,minor,0,879e34dfa75667ebfc477c670c30fbf4e3506da4da1a79f32b6edd7233c8b645,193,261,0.7395,1012.32,154.78,54.27,train
data/raw/car_damage_severity/data3a/training/01-minor/0275.JPEG,0275.JPEG,minor,0,82e6ff44e09dfb438994ecb04964b55120c8a7e861dceca8004d86828a7bc737,259,194,1.3351,870.46,109.84,53.99,train
data/raw/car_damage_severity/data3a/training/01-minor/0277.JPEG,0277.JPEG,minor,0,b435c9fd390734cfc54b78a64555a91c9cd67aafc374b333544fa57c4574682c,275,183,1.5027,2030.37,119.24,63.32,train
data/raw/car_damage_severity/data3a/training/01-minor/0278.jpeg,0278.jpeg,minor,0,9882b5beeb4b5dba0e9f1edc724955af4735edbbab74e09aaf143ef0a78f0ef6,259,194,1.3351,1861.9,97.12,46.84,train
data/raw/car_damage_severity/data3a/training/01-minor/1b449d39f45b45e5b4250f3c54ff9e95_thb.jpg,1b449d39f45b45e5b4250f3c54ff9e95_thb.jpg,minor,0,d33461eff3314b2ca23d91c5cd37f5f0e19f62fda9ea313ddc9e07135ebf2546,144,108,1.3333,2071.09,141.21,64.55,train
data/raw/car_damage_severity/data3a/training/01-minor/24ea719faf0f4117888c83c58fa94762_thb.jpg,24ea719faf0f4117888c83c58fa94762_thb.jpg,minor,0,21f054b40e762ede2c36525f8b0dd8609dc189173953ce21652100082c3e97f3,144,108,1.3333,718.59,106.8,67.52,train
data/raw/car_damage_severity/data3a/training/01-minor/2fd5a7d45a7d4bce8c15f2f6c89a0494_thb.jpg,2fd5a7d45a7d4bce8c15f2f6c89a0494_thb.jpg,minor,0,d88fb377851052163a1b6e63992831ea0cdf2014022dcd01645b1dc39a2075ce,144,108,1.3333,2757.63,133.18,66.45,train
data/raw/car_damage_severity/data3a/training/01-minor/4875af79812244aca89fcef6e9d0dd9e_thb.jpg,4875af79812244aca89fcef6e9d0dd9e_thb.jpg,minor,0,e88dde2986b30b9bdfb8f4f742c6e837b08301c704f646a78c668937aeb77e95,144,108,1.3333,1980.89,109.6,60.44,train
data/raw/car_damage_severity/data3a/training/01-minor/528a4004455e447c9014fddc82cf6a9c_thb.jpg,528a4004455e447c9014fddc82cf6a9c_thb.jpg,minor,0,ac3ac02e964e8c093c0e504c543ac13111c70b9fe4a0cfb1bbbff038ac230ebc,144,108,1.3333,3375.42,129.03,66.31,train
data/raw/car_damage_severity/data3a/training/01-minor/53d79ee77e3e4a1ba50a0a5bcd06e2ae_thb.jpg,53d79ee77e3e4a1ba50a0a5bcd06e2ae_thb.jpg,minor,0,d5e9068a84e003c7b536f2862f6684c990219bd0c150b5a53b595a19a523352b,144,108,1.3333,2559.56,116.28,61.51,train
data/raw/car_damage_severity/data3a/training/01-minor/6f6b78efc99646d4bac55c206c25c62f_thb.jpg,6f6b78efc99646d4bac55c206c25c62f_thb.jpg,minor,0,491898734108f77e4af58c05371a53b5791984a3c0a2b3281f3e0a0372ae561a,144,108,1.3333,1848.83,108.62,56.34,train
data/raw/car_damage_severity/data3a/training/01-minor/980e7f8c0c61405ca31db96964a1f273_thb.jpg,980e7f8c0c61405ca31db96964a1f273_thb.jpg,minor,0,003ef2e11efeff221622ff9832256a60d36e04e2b1339e60ae142b41addac8a0,144,108,1.3333,2260.93,110.47,54.08,train
data/raw/car_damage_severity/data3a/training/01-minor/9b1b6c577d0947ada4a1b792a583f1aa_thb.jpg,9b1b6c577d0947ada4a1b792a583f1aa_thb.jpg,minor,0,1a716ffbaf76a7afed924b293878661382bbc5fd848d918238f0816ea72a9e9a,144,108,1.3333,2193.25,113.53,54.19,train
data/raw/car_damage_severity/data3a/training/01-minor/9b8bc805f7bf4c7ba7ecd1224a99b0c6_thb.jpg,9b8bc805f7bf4c7ba7ecd1224a99b0c6_thb.jpg,minor,0,5079893c18982c0f4bdc3e41a2ddb7ceb87f8dba868ed58bc4a0e80d3bf05b43,144,108,1.3333,2047.53,139.77,51.96,train
data/raw/car_damage_severity/data3a/training/01-minor/a5dbc724-654f-4886-a744-2dd91f81b697.jpeg,a5dbc724-654f-4886-a744-2dd91f81b697.jpeg,minor,0,8840621644fb558b7f2b94b872ecb4224a531449de504f45b6a04c1982cfd5fa,96,72,1.3333,3463.7,87.25,59.93,train
data/raw/car_damage_severity/data3a/training/01-minor/a888f89ee9f04541a06096e7424f08fb_thb.jpg,a888f89ee9f04541a06096e7424f08fb_thb.jpg,minor,0,b5525c8836256cd5276e7327a91b644b9e31b0e7414bbb9ec32f0f5185a9418c,144,108,1.3333,2266.93,140.33,75.37,train
data/raw/car_damage_severity/data3a/training/01-minor/b3a8a0c19cfe4546afef689e11de2116_thb.jpg,b3a8a0c19cfe4546afef689e11de2116_thb.jpg,minor,0,d1a8e3f2349a8bcededf84df41b6c1724b67301ec7f571997f364a8f3f69bf0e,144,108,1.3333,4474.9,113.76,57.26,train
data/raw/car_damage_severity/data3a/training/01-minor/d3ab4d0329d34c95bf09369aac45b599_thb.jpg,d3ab4d0329d34c95bf09369aac45b599_thb.jpg,minor,0,d650fbdaaef3dee99b7da4aa3428afb440db230ea9f8984e0441ccb3a0d15c47,144,108,1.3333,3006.67,160.23,64.32,train
data/raw/car_damage_severity/data3a/training/01-minor/d7b5bbc55c644166809a7230b098c301_thb.jpg,d7b5bbc55c644166809a7230b098c301_thb.jpg,minor,0,85c112210c8dbda145b8546b3fe4be75a420eadcf02aebe4a8ae563c815023af,144,108,1.3333,3089.31,102.2,52.47,train
data/raw/car_damage_severity/data3a/training/01-minor/download (10).jpeg,download (10).jpeg,minor,0,27a0906866b1350c4a57dea3bc57a41a6d29d562cea93b870d53bc2a794f259d,311,162,1.9198,1126.39,138.47,51.71,train
data/raw/car_damage_severity/data3a/training/01-minor/download (11).jpeg,download (11).jpeg,minor,0,2e83f568305adfd5699356d2321862ab6f7f666ea2c444a8d0df5ac07b554607,262,192,1.3646,1500.77,107.83,42.13,train
data/raw/car_damage_severity/data3a/training/01-minor/download (12).jpeg,download (12).jpeg,minor,0,105e4d95f0bd96a544f05a7d8cc0c68edd9f2d54a48a0b3b33e5d637033cdbe8,275,183,1.5027,491.05,116.22,40.63,train
data/raw/car_damage_severity/data3a/training/01-minor/download (14).jpeg,download (14).jpeg,minor,0,af80b38a79712a0e68aadea1dba96705889fb309327970b7ef5906509eb232bc,259,194,1.3351,4812.59,114.5,62.24,train
data/raw/car_damage_severity/data3a/training/01-minor/download (17).jpeg,download (17).jpeg,minor,0,d8af7b442eaf3fead8ccb722f38119a4ead9a0baf4664a18ae2ffa563893dc3b,259,194,1.3351,4423.25,132.27,66.48,train
data/raw/car_damage_severity/data3a/training/01-minor/download (18).jpeg,download (18).jpeg,minor,0,044235dfaaf2fa59dcc432ede94b9539459d3d9d559fe41aafb1ec7610150088,298,169,1.7633,1914.69,131.07,57.95,train
data/raw/car_damage_severity/data3a/training/01-minor/download (19).jpeg,download (19).jpeg,minor,0,36823428bbf0d167310964181b2dfb96c7b337673dcae91c0fe896681a3c22d9,300,168,1.7857,4138.95,84.93,50.02,train
data/raw/car_damage_severity/data3a/training/01-minor/download (20).jpeg,download (20).jpeg,minor,0,6bae10d62d132190dcb7752542933a27afaf92bff406ea5b60e2e5dd9a281490,311,162,1.9198,1310.69,88.94,40.76,train
data/raw/car_damage_severity/data3a/training/01-minor/download (21).jpeg,download (21).jpeg,minor,0,fe4236dc1cb5a1f5385cf24563ad338b129af892886b9314fc927e38af818f5f,259,194,1.3351,3601.71,133.11,68.9,train
data/raw/car_damage_severity/data3a/training/01-minor/download (22).jpeg,download (22).jpeg,minor,0,9e85da13828b63148c3b402b408125f60efd5205cac4c9175586a42f7aba9410,265,190,1.3947,1895.66,150.61,61.77,train
data/raw/car_damage_severity/data3a/training/01-minor/download (23).jpeg,download (23).jpeg,minor,0,e6114c552ce784c45bfcfb26fea49cde3177340b0156c2d9e3890a82ddfd2fd8,259,194,1.3351,1722.79,126.97,62.91,train
data/raw/car_damage_severity/data3a/training/01-minor/download (25).jpeg,download (25).jpeg,minor,0,d4026de33a189d58d289dec566628d45441ef39708f99827b020da901dfc257f,265,190,1.3947,1643.33,148.59,62.82,train
data/raw/car_damage_severity/data3a/training/01-minor/download (26).jpeg,download (26).jpeg,minor,0,5b096f4b1543422fdea19085e50d2bc5e1313735f3c275c97ce4f88041a18512,259,194,1.3351,1785.77,111.71,55.11,train
data/raw/car_damage_severity/data3a/training/01-minor/download (27).jpeg,download (27).jpeg,minor,0,5ff915d7ca77619ebc647e6848905eb6ea214b8cf17d6cdd1997b690f951831e,284,178,1.5955,5268.84,132.17,74.62,train
data/raw/car_damage_severity/data3a/training/01-minor/download (28).jpeg,download (28).jpeg,minor,0,795964471640aa55bbdd8b7bfaa237654da3385b87b5bad152c3da546dea34ba,275,183,1.5027,930.99,96.82,54.84,train
data/raw/car_damage_severity/data3a/training/01-minor/download (29).jpeg,download (29).jpeg,minor,0,9c12472f1509593bbd0fd114d084b3355672891d400e068b569f9de4d7f22884,259,194,1.3351,3436.67,146.6,58.47,train
data/raw/car_damage_severity/data3a/training/01-minor/download (3).jpeg,download (3).jpeg,minor,0,3cc404be2f75929be725f730a908bf821c29d406ba664306ea71c774135b917b,100,100,1.0,1635.68,110.59,52.7,train
data/raw/car_damage_severity/data3a/training/01-minor/download (32).jpeg,download (32).jpeg,minor,0,431c89340d7f9bb6098fb03aa55acfe3d1edc4c6d225fbe4670a8fc88be7d0a4,100,100,1.0,6791.48,120.99,78.62,train
data/raw/car_damage_severity/data3a/training/01-minor/download (34).jpeg,download (34).jpeg,minor,0,97a0eb461a7799931cb37e5565dcee791409d5358f742fa3f25c6860805200bf,100,100,1.0,2492.92,149.26,87.66,train
data/raw/car_damage_severity/data3a/training/01-minor/download (35).jpeg,download (35).jpeg,minor,0,58a96a04f1e999177e14f541cd8421729bdd9f61db756489ab4cbb0761299af6,100,100,1.0,974.36,114.26,70.01,train
data/raw/car_damage_severity/data3a/training/01-minor/download (36).jpeg,download (36).jpeg,minor,0,65549a40fe56ff6f6c00ff4569e46411da9f2f2c78c1e79538fd9816dadb5460,100,100,1.0,1629.92,123.9,91.3,train
data/raw/car_damage_severity/data3a/training/01-minor/download (37).jpeg,download (37).jpeg,minor,0,aed226736cd79e40595f2ce57788c564e254067b44727beb1a20d6cb3c122273,100,100,1.0,535.69,117.01,67.28,train
data/raw/car_damage_severity/data3a/training/01-minor/download (38).jpeg,download (38).jpeg,minor,0,8c91ebeee1ac5d1064a69565ee9a7092ddb039b1129eeab1b7fd698c25556e48,302,167,1.8084,3719.89,100.35,67.14,train
data/raw/car_damage_severity/data3a/training/01-minor/download (4).jpeg,download (4).jpeg,minor,0,1ccd99b127c6fff401826a882eb22cbf44c18004d82c747cf90ba4fe870c3abc,273,184,1.4837,5065.57,82.94,52.41,train
data/raw/car_damage_severity/data3a/training/01-minor/download (6).jpeg,download (6).jpeg,minor,0,35a3d9f503773c47d731ca30f8c2ca9fbbbd60b8f34c055cc90e98a83ca4c6f9,299,168,1.7798,1407.03,109.56,55.62,train
data/raw/car_damage_severity/data3a/training/01-minor/download (8).jpeg,download (8).jpeg,minor,0,146db0c596c6d127b04c9c13d062070f7b5eb01fdb08e24359ac852a764336c3,275,183,1.5027,3061.37,102.03,73.75,train
data/raw/car_damage_severity/data3a/training/01-minor/download (9).jpeg,download (9).jpeg,minor,0,d50248b59331da9fc8b6bf2ae1d98317570dd2418a4ed87b32582d1d19ab4de0,300,168,1.7857,1707.52,141.62,61.84,train
data/raw/car_damage_severity/data3a/training/01-minor/download.jpeg,download.jpeg,minor,0,eb2e9e9be09965f671542e9580e90cac2d8887186ff6ccd55d147e555ee62841,100,100,1.0,1059.62,125.83,69.73,train
data/raw/car_damage_severity/data3a/training/01-minor/fcce1fb1731b4c2e9db32075d48a4200_thb.jpg,fcce1fb1731b4c2e9db32075d48a4200_thb.jpg,minor,0,73655e2a5dd821a5adb7371840f4693526b6da7a18239ab37ee7ac63c5d56940,144,108,1.3333,1992.22,148.96,54.34,train
data/raw/car_damage_severity/data3a/training/01-minor/images (1).jpeg,images (1).jpeg,minor,0,8e956ff8f2995d70e4f1ad09dacd8c45ca4ec24a2937a9e5ff5a01b3f9a2d37a,100,100,1.0,2145.34,113.51,52.59,train
data/raw/car_damage_severity/data3a/training/01-minor/images (10).jpeg,images (10).jpeg,minor,0,0c1ec4572e31f5a06a8af837d298f3d04d913d9e095a27ee14316ba5186bc70d,275,183,1.5027,2290.27,128.03,39.45,train
data/raw/car_damage_severity/data3a/training/01-minor/images (12).jpeg,images (12).jpeg,minor,0,4a6bd2632f7e4b8e14b3f3cdae4ecd01c5a25a96c1078298400622e3372c1443,300,168,1.7857,1034.04,117.17,43.66,train
data/raw/car_damage_severity/data3a/training/01-minor/images (13).jpeg,images (13).jpeg,minor,0,d9309a334f5a7c38bd6cda816e4d9875beaec9faa02468c05691296226b9e952,275,183,1.5027,1549.73,160.62,63.04,train
data/raw/car_damage_severity/data3a/training/01-minor/images (14).jpeg,images (14).jpeg,minor,0,7e6de94720fe2e0ac099577398b63adb0c0a5991f108ff84d405297047bc243b,100,100,1.0,1091.57,112.45,47.69,train
data/raw/car_damage_severity/data3a/training/01-minor/images (15).jpeg,images (15).jpeg,minor,0,c3cc9fdaa034e8c52e4a2e9360a19209eceada70ff76f69167803da9f543c0cd,259,194,1.3351,2514.23,107.25,62.36,train
data/raw/car_damage_severity/data3a/training/01-minor/images (16).jpeg,images (16).jpeg,minor,0,82c5e86d24088dd7357296da14e70f5c15d655f84d1ce5b9fefa8d2379a4ccd4,299,169,1.7692,795.35,114.38,40.43,train
data/raw/car_damage_severity/data3a/training/01-minor/images (17).jpeg,images (17).jpeg,minor,0,b020cc1cda0844c84f481005cfdcc8e42f1da94bcfc362bc466543dc3b552c47,264,191,1.3822,1787.46,154.21,60.84,train
data/raw/car_damage_severity/data3a/training/01-minor/images (18).jpeg,images (18).jpeg,minor,0,e558903f5a7229a544e31131642ba38d49dfc01f5e79868877f131665c23e20a,225,225,1.0,707.92,99.63,74.68,train
data/raw/car_damage_severity/data3a/training/01-minor/images (20).jpeg,images (20).jpeg,minor,0,e06b68a47dd9c1d701106fb8f11c453fffcbae79abf1c0e52801be035dd718ba,277,182,1.522,1376.2,158.48,77.61,train
data/raw/car_damage_severity/data3a/training/01-minor/images (21).jpeg,images (21).jpeg,minor,0,c58fef9c5aa23776507900ef303abc944e272f01e871ef50ff76b2dc1f07e1ad,318,159,2.0,672.91,125.38,56.38,train
data/raw/car_damage_severity/data3a/training/01-minor/images (22).jpeg,images (22).jpeg,minor,0,7035e1e710c5232d5e79643a630486631d234c170b8ac27f4c54a51b34ca62b2,260,193,1.3472,461.43,126.54,59.44,train
data/raw/car_damage_severity/data3a/training/01-minor/images (24).jpeg,images (24).jpeg,minor,0,46b11dba55dbfbb32fee3aca6d87428016eb701e7568419d44b9e2b61d785dc5,259,194,1.3351,853.24,185.55,47.29,train
data/raw/car_damage_severity/data3a/training/01-minor/images (25).jpeg,images (25).jpeg,minor,0,2e33ee867b289c5b54773e9f10c50094736e436520fd82c5499dc800e5eee416,275,183,1.5027,1536.15,152.12,50.77,train
data/raw/car_damage_severity/data3a/training/01-minor/images (27).jpeg,images (27).jpeg,minor,0,99244492524b5d29bbb12296a1bc96232067c666eff720c471971af6afd422ee,275,183,1.5027,1867.14,152.18,51.0,train
data/raw/car_damage_severity/data3a/training/01-minor/images (28).jpeg,images (28).jpeg,minor,0,0605487f3487a88e8bac7318eebc0e0c7caca60071fb580c4e852db60903570a,284,177,1.6045,1858.77,154.62,68.14,train
data/raw/car_damage_severity/data3a/training/01-minor/images (29).jpeg,images (29).jpeg,minor,0,56a2f0768866b9cc5e267ad00f821760861edc23fd22687d30654e1f0cc69b2e,210,157,1.3376,9738.21,108.19,52.73,train
data/raw/car_damage_severity/data3a/training/01-minor/images (3).jpeg,images (3).jpeg,minor,0,07a325b0cda566abec4477e310200528d686828d45769a469eb95e66b718ea5e,100,100,1.0,2037.94,63.48,43.84,train
data/raw/car_damage_severity/data3a/training/01-minor/images (30).jpeg,images (30).jpeg,minor,0,b6de6135212935ed3552fb256739bf791be82cc680b177bdb776c7ef2838b56f,194,259,0.749,4588.21,115.82,65.21,train
data/raw/car_damage_severity/data3a/training/01-minor/images (32).jpeg,images (32).jpeg,minor,0,7b4d4f8f12258733c7b74bd2346b0b9b0084fd9bcab199071c9c2cf1573bf24c,287,176,1.6307,570.19,145.37,54.47,train
data/raw/car_damage_severity/data3a/training/01-minor/images (33).jpeg,images (33).jpeg,minor,0,0e19f00e243eaa7da38634fede0d1c5b6dcef61e13e7dbb12bf7c691f755671c,194,259,0.749,460.03,120.44,51.07,train
data/raw/car_damage_severity/data3a/training/01-minor/images (34).jpeg,images (34).jpeg,minor,0,6f59360c85ef6cf6bf77660b29ee24b959302645db5c86a9eacb87fbbb18a8d4,311,162,1.9198,4746.28,122.52,51.51,train
data/raw/car_damage_severity/data3a/training/01-minor/images (35).jpeg,images (35).jpeg,minor,0,60c23821b713bb06fb17d8b1b1bd8dd568b1e88136a01aef505f5a563617f313,275,183,1.5027,962.76,143.2,67.13,train
data/raw/car_damage_severity/data3a/training/01-minor/images (36).jpeg,images (36).jpeg,minor,0,e8afc9252e7a8bd65fc0ae292c9cf388ae13802b2697d4971b1a3ae7cf5fc2c5,275,183,1.5027,1662.06,86.76,39.54,train
data/raw/car_damage_severity/data3a/training/01-minor/images (38).jpeg,images (38).jpeg,minor,0,fd8b8fe2dbfe47893b6b313bf4075387a011d4b8c1f5ac8104a6fa2fea51e6dd,284,178,1.5955,1456.39,142.48,70.87,train
data/raw/car_damage_severity/data3a/training/01-minor/images (39).jpeg,images (39).jpeg,minor,0,7cb6e87493c35f7bb52466d3e00c70957ccf40c1f2d2616b51f64705c53d435d,276,183,1.5082,1316.04,173.16,69.79,train
data/raw/car_damage_severity/data3a/training/01-minor/images (4).jpeg,images (4).jpeg,minor,0,e130e62bec3714e4e66dfa490826afcbd6bc7feea6f658742c261e3cd6cb44be,100,100,1.0,1836.87,100.81,45.43,train
data/raw/car_damage_severity/data3a/training/01-minor/images (40).jpeg,images (40).jpeg,minor,0,28b7e3dc0fe43bddbf57156048fa305e93838b97eb5c22418af8df8627caa6c1,259,194,1.3351,1361.05,136.55,78.12,train
data/raw/car_damage_severity/data3a/training/01-minor/images (41).jpeg,images (41).jpeg,minor,0,9078a230fb80a0af00779f5ae0211e74bc9218ac04bff2f11695eeb00adf1b0a,274,184,1.4891,757.42,108.34,65.5,train
data/raw/car_damage_severity/data3a/training/01-minor/images (43).jpeg,images (43).jpeg,minor,0,299d754c6033512725867a0e6d8e9583facfd9a314eb8ec0a0212063fbd7c2e0,259,194,1.3351,2136.44,128.51,62.84,train
data/raw/car_damage_severity/data3a/training/01-minor/images (45).jpeg,images (45).jpeg,minor,0,8d03301ea198f705d9364d8ba319738e23c1f8de3d3fd6302fc3732ae3bc3fca,275,183,1.5027,1044.52,145.53,68.73,train
data/raw/car_damage_severity/data3a/training/01-minor/images (46).jpeg,images (46).jpeg,minor,0,d68745ad3dace0949e8682325d381c1fcd32d8a431607b92cd0dd3b782f4d607,275,183,1.5027,2041.15,96.07,67.02,train
data/raw/car_damage_severity/data3a/training/01-minor/images (48).jpeg,images (48).jpeg,minor,0,923942c17a3e355f6b83016c83e7e40e0581e8a4c281dbd11e83b56dfba4d707,241,209,1.1531,1933.21,76.73,60.85,train
data/raw/car_damage_severity/data3a/training/01-minor/images (49).jpeg,images (49).jpeg,minor,0,1fea5b7ce7a09a625e2cebe23815a24a1688f97bb30778707031137de9363c28,183,275,0.6655,968.4,133.53,55.26,train
data/raw/car_damage_severity/data3a/training/01-minor/images (5).jpeg,images (5).jpeg,minor,0,d0c6cf94031061a42504de628a0967f96f98829eb976ece0236dab8c88667ca8,100,100,1.0,2332.36,77.54,58.84,train
data/raw/car_damage_severity/data3a/training/01-minor/images (50).jpeg,images (50).jpeg,minor,0,c6861944d32b3468003015d6d538a1216a625c46bf3521fd178eea4838e6f685,302,167,1.8084,4032.48,84.61,53.77,train
data/raw/car_damage_severity/data3a/training/01-minor/images (51).jpeg,images (51).jpeg,minor,0,3e5b438a8b8e1972e93bdf233f80375aee256ca5265897e0f754f8c0db754d45,300,168,1.7857,3169.87,147.72,83.43,train
data/raw/car_damage_severity/data3a/training/01-minor/images (52).jpeg,images (52).jpeg,minor,0,eb4d923a4b993a796148e0af492be7447b4e54faa28a6b5cf19312c1f572845d,284,177,1.6045,1186.21,83.03,52.75,train
data/raw/car_damage_severity/data3a/training/01-minor/images (53).jpeg,images (53).jpeg,minor,0,b5fb49eaec6c22aefe6335493c8798746b4e4096ab7d44ba33d2775bf2c16a92,225,225,1.0,1208.17,130.42,55.8,train
data/raw/car_damage_severity/data3a/training/01-minor/images (54).jpeg,images (54).jpeg,minor,0,eb420ffac382846a886c7a1c2f0f5f3de10b8934ae487b36f5ae6fadb5a40a83,100,100,1.0,3118.13,118.6,62.43,train
data/raw/car_damage_severity/data3a/training/01-minor/images (55).jpeg,images (55).jpeg,minor,0,5f2cdcf10de14613ee3f2856834406d22ea940f469a39a1befa2a1acc3ba211a,259,194,1.3351,3138.55,136.11,53.1,train
data/raw/car_damage_severity/data3a/training/01-minor/images (57).jpeg,images (57).jpeg,minor,0,532e3500d240f7bef0a6787eae4900776bb65a4cdd4cc466c3008e365dc7936e,100,100,1.0,764.08,93.13,54.37,train
data/raw/car_damage_severity/data3a/training/01-minor/images (58).jpeg,images (58).jpeg,minor,0,54372201b84062e862a826218574cc4b6b1c0bf6517712e80f938a19381117d1,100,100,1.0,2034.63,124.97,65.4,train
data/raw/car_damage_severity/data3a/training/01-minor/images (59).jpeg,images (59).jpeg,minor,0,e5aaebdbcb465edbb84dd6e1e870be695014755e9bc3cd0e4348032d85e5a103,100,100,1.0,2210.94,143.75,79.82,train
data/raw/car_damage_severity/data3a/training/01-minor/images (6).jpeg,images (6).jpeg,minor,0,88a9b8f3b1867bf10592a079b6117bfb49cebdbda07e92591509f3f0c43017da,100,100,1.0,2357.15,111.88,67.54,train
data/raw/car_damage_severity/data3a/training/01-minor/images (60).jpeg,images (60).jpeg,minor,0,62a1cce8a82e0a95a6af5a6ebee31755985a36a55eb8b78b2d57b79a040ce041,278,182,1.5275,1136.96,83.82,52.19,train
data/raw/car_damage_severity/data3a/training/01-minor/images (62).jpeg,images (62).jpeg,minor,0,b1ba56b725cd6dc526db8a64a257457d089c35618a9282495d317a3f1a4a93a8,259,194,1.3351,3373.48,91.27,66.55,train
data/raw/car_damage_severity/data3a/training/01-minor/images (63).jpeg,images (63).jpeg,minor,0,0ca16b0439d1a0c41b76ee56145f6de8ab25df61d09dcf49cdf9bd90b9279f1f,259,194,1.3351,2065.13,137.83,71.17,train
data/raw/car_damage_severity/data3a/training/01-minor/images (64).jpeg,images (64).jpeg,minor,0,2e7cfd9c062d9569482c3977b840f393abe838d60e5d303b0224e72cc851a45d,100,100,1.0,1010.56,125.95,69.71,train
data/raw/car_damage_severity/data3a/training/01-minor/images (65).jpeg,images (65).jpeg,minor,0,9399fc76162dd3979bce2e72893b8d940272824e89977827852fa589e8c1dbcf,274,184,1.4891,1723.3,117.49,55.29,train
data/raw/car_damage_severity/data3a/training/01-minor/images (66).jpeg,images (66).jpeg,minor,0,c3824ab6aee99d1b33bcb426b615507ae54ea72dd4d598bc774357acc1325af6,100,100,1.0,4289.66,95.98,62.61,train
data/raw/car_damage_severity/data3a/training/01-minor/images (7).jpeg,images (7).jpeg,minor,0,4e6a9974c3bddfd603e2f4f6838897434fe052761c5b3e59351662f6a5722643,100,100,1.0,3450.15,157.88,61.9,train
data/raw/car_damage_severity/data3a/training/01-minor/images (70).jpeg,images (70).jpeg,minor,0,5e72ebc2c9b372d069e89d6ac1b770c5045c07eef0a010524d4a9f40eb7ead06,223,226,0.9867,312.09,125.88,29.0,train
data/raw/car_damage_severity/data3a/training/01-minor/images (72).jpeg,images (72).jpeg,minor,0,e8acd2bbd67b23872c3c15435a5484853dd0d69663f545b456baafeee2b35089,259,194,1.3351,351.8,136.09,47.97,train
data/raw/car_damage_severity/data3a/training/01-minor/images (73).jpeg,images (73).jpeg,minor,0,6a73d74bb6c3b1580ebe958fe04e71073306812269062c4563235064068bef3d,259,194,1.3351,3498.64,119.66,64.92,train
data/raw/car_damage_severity/data3a/training/01-minor/images (74).jpeg,images (74).jpeg,minor,0,359638204dcc4b1277a98ba7bcfa43285ff7af13a5191bb7ee2d6da30a7c74a5,279,181,1.5414,1349.06,93.01,68.82,train
data/raw/car_damage_severity/data3a/training/01-minor/images (75).jpeg,images (75).jpeg,minor,0,7933778247f5b113af832b5a4194412afbf566b1a77a9a19bce9d2c05130f9c1,294,171,1.7193,515.94,118.15,73.28,train
data/raw/car_damage_severity/data3a/training/01-minor/images (77).jpeg,images (77).jpeg,minor,0,3384d21491732c99395e781e9ea2cacf6a9d6e66a76291ca7f0d7e80e807ed59,310,163,1.9018,1468.48,96.31,75.75,train
data/raw/car_damage_severity/data3a/training/01-minor/images (79).jpeg,images (79).jpeg,minor,0,b5ab4ab0295b55f4a52f7c3e6537e34bbfe92b57c6e81965a4bf6f38f3d1623b,276,183,1.5082,3057.88,135.8,63.5,train
data/raw/car_damage_severity/data3a/training/01-minor/images (8).jpeg,images (8).jpeg,minor,0,947b49cb530487be6c5dade94582ec8e999c509da33ea255eabe224595bcbb5d,275,183,1.5027,3192.83,123.45,73.54,train
data/raw/car_damage_severity/data3a/training/01-minor/images (82).jpeg,images (82).jpeg,minor,0,b32ffa819d9dbba3d33c8b581b523edfed18143b13250d2f971551af4f71f0fb,275,183,1.5027,752.61,53.57,45.82,train
data/raw/car_damage_severity/data3a/training/01-minor/images (83).jpeg,images (83).jpeg,minor,0,347992888bb3b859763e4a02c47437f5a59398afa7be18ca397c935b57b35a59,299,168,1.7798,1450.95,74.24,67.97,train
data/raw/car_damage_severity/data3a/training/01-minor/images (87).jpeg,images (87).jpeg,minor,0,d1adbb3751b110323d56ee206cc299b20f54b6b8f522f3fe650fd9a41bbefd3d,275,183,1.5027,1042.38,133.15,51.15,train
data/raw/car_damage_severity/data3a/training/01-minor/images (89).jpeg,images (89).jpeg,minor,0,1f6996524e8cbe76bb7ca5ff65ace3c39c56b87255112b4e5cdde1b44c16d4e0,225,225,1.0,696.84,160.27,72.12,train
data/raw/car_damage_severity/data3a/training/01-minor/images (91).jpeg,images (91).jpeg,minor,0,0db3a22067abee29f9eb3fba033b746b0fac91f7c27208237b448cc306a1ee15,275,183,1.5027,625.34,135.59,65.43,train
data/raw/car_damage_severity/data3a/training/01-minor/images (92).jpeg,images (92).jpeg,minor,0,53fdf26a97038f6e019782fb78010edf1b8976660b56574282825dd7eb99a2f1,179,281,0.637,869.93,144.88,55.98,train
data/raw/car_damage_severity/data3a/training/01-minor/images (93).jpeg,images (93).jpeg,minor,0,0d62ca826247c80f6add7567f611cf64a90ba8d63b0464c2c15180d85f0f121e,262,193,1.3575,1597.92,160.93,56.29,train
data/raw/car_damage_severity/data3a/training/01-minor/images (97).jpeg,images (97).jpeg,minor,0,4615f0407a2ec03edb9f54c730b97671a2aa6dc68a3518d4d0a1528acc29ef6d,259,194,1.3351,1774.07,114.23,60.86,train
data/raw/car_damage_severity/data3a/training/01-minor/images (99).jpeg,images (99).jpeg,minor,0,a613133702534373492d0a3d0cb02edf0cdeeaf22cabb261fb03603cef2b7dcd,284,177,1.6045,1625.48,126.59,61.17,train
data/raw/car_damage_severity/data3a/training/01-minor/images - 2022-12-12T151411.008.jpeg,images - 2022-12-12T151411.008.jpeg,minor,0,d8c953ba4ffed6f230a852446a0c413f23a3c72e9b8bafe2aabc43435477eb9e,259,194,1.3351,2359.52,97.61,63.54,train
data/raw/car_damage_severity/data3a/training/01-minor/images - 2022-12-12T151411.669.jpeg,images - 2022-12-12T151411.669.jpeg,minor,0,399e2f5af355c44291f2e8f95bd410a05d1631c93710c6697e1c57fe1a5b2f97,259,194,1.3351,2025.37,118.96,62.55,train
data/raw/car_damage_severity/data3a/training/01-minor/images - 2022-12-12T151411.728.jpeg,images - 2022-12-12T151411.728.jpeg,minor,0,d940a3613d14d5dc020787cfb2d7d97ca209081dbb1e0f545612d3dddf07f690,265,190,1.3947,2401.04,185.06,78.41,train
data/raw/car_damage_severity/data3a/training/01-minor/images - 2022-12-12T151411.784.jpeg,images - 2022-12-12T151411.784.jpeg,minor,0,dc2d6a3e7bf1fe9281c88f8ab37ec98e702ef7a524463076ce27f4058e9d56c5,259,194,1.3351,3467.97,135.34,55.24,train
data/raw/car_damage_severity/data3a/training/01-minor/images - 2022-12-12T151413.058.jpeg,images - 2022-12-12T151413.058.jpeg,minor,0,da424ddcb31fbeb6bcfb89efe5ba28f7e031ecf09e37cc7206cd796d96a50a2c,259,194,1.3351,1548.71,88.59,57.27,train
data/raw/car_damage_severity/data3a/training/01-minor/images - 2022-12-12T151413.251.jpeg,images - 2022-12-12T151413.251.jpeg,minor,0,80040017938caca91b833685b53f7239a6cf5a7baee70bf8220cbe621ef52ff5,259,194,1.3351,4021.86,141.24,62.7,train
data/raw/car_damage_severity/data3a/training/01-minor/images - 2022-12-12T151413.832.jpeg,images - 2022-12-12T151413.832.jpeg,minor,0,66c8be24dbb3dad952a93180fea75239c98b9b643d586ede7066a8a94b1261fc,275,183,1.5027,2280.27,71.32,44.97,train
data/raw/car_damage_severity/data3a/training/01-minor/images - 2022-12-12T151414.520.jpeg,images - 2022-12-12T151414.520.jpeg,minor,0,132ccb61869c27c415f1114f270aa021f14dcb3d630b86b585a0b8ab0bc6a132,100,100,1.0,5446.51,139.06,67.64,train
data/raw/car_damage_severity/data3a/training/01-minor/images - 2022-12-12T151415.502.jpeg,images - 2022-12-12T151415.502.jpeg,minor,0,86ada6638867c612b4c7343964959825349e5ff9ac18d8de3df02ff641e75f51,275,183,1.5027,3943.59,101.56,60.92,train
data/raw/car_damage_severity/data3a/training/01-minor/images - 2022-12-12T151416.541.jpeg,images - 2022-12-12T151416.541.jpeg,minor,0,8969a9b68d33b2744741d8f2375f8336ca2bd36535c039b334978145d0244aa2,277,182,1.522,3250.04,114.33,73.51,train
data/raw/car_damage_severity/data3a/training/01-minor/images - 2022-12-12T151416.652.jpeg,images - 2022-12-12T151416.652.jpeg,minor,0,af881357064270f793d808c46cd0fe2746b73ccdeb09e1b015523d3621c6648b,259,194,1.3351,3212.22,115.44,69.1,train
data/raw/car_damage_severity/data3a/training/01-minor/images - 2022-12-12T151417.660.jpeg,images - 2022-12-12T151417.660.jpeg,minor,0,b58f0d3b66b2d53c1d22b6ac92a57cd25d988f7b8b1f85ab7db592c284a16308,259,194,1.3351,2638.06,117.94,63.02,train
data/raw/car_damage_severity/data3a/training/01-minor/images - 2022-12-12T151418.125.jpeg,images - 2022-12-12T151418.125.jpeg,minor,0,255a095c859bc95fb39668c3e13dcfcf57943de2cda962b1c6df58af7f29fb3d,259,194,1.3351,1430.26,117.42,60.43,train
data/raw/car_damage_severity/data3a/training/01-minor/images - 2022-12-12T151418.172.jpeg,images - 2022-12-12T151418.172.jpeg,minor,0,f94b58f481d154f52241fdaec210af7f5e7415ca4ffc87af261691fb1a0906a8,259,194,1.3351,1166.57,88.8,44.44,train
data/raw/car_damage_severity/data3a/training/01-minor/images - 2022-12-12T151418.705.jpeg,images - 2022-12-12T151418.705.jpeg,minor,0,8f8f7d08866191b0b00078a9deb10e56671c9c8e196e425b8ba65f1d8bd3b4a3,259,194,1.3351,2980.48,121.23,62.36,train
data/raw/car_damage_severity/data3a/training/01-minor/images - 2022-12-13T213955.259.jpeg,images - 2022-12-13T213955.259.jpeg,minor,0,6c0932628ed1b09054c27d0b7ee0a6182e8a71a6434f6feb1cc23762717812e9,333,151,2.2053,1546.82,174.16,69.02,train
data/raw/car_damage_severity/data3a/training/01-minor/images - 2022-12-13T213955.297.jpeg,images - 2022-12-13T213955.297.jpeg,minor,0,3b354f42c442a58deb14405f26d5c7f85ada3d11749ccbc15a7de8718829b286,242,208,1.1635,293.19,95.59,31.83,train
data/raw/car_damage_severity/data3a/training/02-moderate/0003.JPEG,0003.JPEG,moderate,1,09df791eb69017e3ebeab1dc63e670a0dcc8b919cf773e721193ef0b111c0abd,275,183,1.5027,1625.21,94.42,53.56,train
data/raw/car_damage_severity/data3a/training/02-moderate/0004.JPEG,0004.JPEG,moderate,1,d60f746173a6ee1184ea307b16f25dda2c0d3eb17091830946170f9a98195c76,275,183,1.5027,1393.78,106.71,66.01,train
data/raw/car_damage_severity/data3a/training/02-moderate/0005.JPEG,0005.JPEG,moderate,1,430a47d33aab54f53290b5c0b022e4dbc42d2f3b0a7f68d0001e09fc7e779dd7,259,194,1.3351,2299.73,128.75,61.92,train
data/raw/car_damage_severity/data3a/training/02-moderate/0006.JPEG,0006.JPEG,moderate,1,b7219be5a0c909591c9b8df47d9a550fe51712d56d3d983c3b086089198ef1eb,275,183,1.5027,1715.12,127.0,68.45,train
data/raw/car_damage_severity/data3a/training/02-moderate/0007.JPEG,0007.JPEG,moderate,1,cadc78c21b1360f7246061f681c8c14e34f22f278e766a20435d833fa6c9d8b2,143,160,0.8938,2091.04,96.29,62.31,train
data/raw/car_damage_severity/data3a/training/02-moderate/0008.JPEG,0008.JPEG,moderate,1,ae463303364030ed91276576cb7a359d83c963a4dd9abb60adf356d41b226729,259,194,1.3351,1073.57,104.67,58.23,train
data/raw/car_damage_severity/data3a/training/02-moderate/0009.JPEG,0009.JPEG,moderate,1,b829b95aba463fcdc70e14f69efac2f880da91aebfd9c5994f65c94b5247e1c3,275,183,1.5027,2082.22,102.37,58.17,train
data/raw/car_damage_severity/data3a/training/02-moderate/0010.JPEG,0010.JPEG,moderate,1,e9d3e1378a412aa768fc8d87415a5f0825911d4c2df4da19076b69237c4d409c,313,161,1.9441,4782.62,108.11,51.77,train
data/raw/car_damage_severity/data3a/training/02-moderate/0012.JPEG,0012.JPEG,moderate,1,d470a063bd292da580aae71734a2665f4622054d849a7f8bc149f24744b79b65,277,182,1.522,7137.08,100.03,63.31,train
data/raw/car_damage_severity/data3a/training/02-moderate/0013.JPEG,0013.JPEG,moderate,1,5cf41e9a705a9d4fa581d70c3292dfee73f30700355374445833e1bf2dd64069,259,194,1.3351,3336.06,122.2,67.32,train
data/raw/car_damage_severity/data3a/training/02-moderate/0014.JPEG,0014.JPEG,moderate,1,3ea46fb5ac5213542c43c0b29c97d94630168f53e4c5a4217b7e0a7e16fe8b25,293,172,1.7035,11446.08,138.77,73.93,train
data/raw/car_damage_severity/data3a/training/02-moderate/0015.JPEG,0015.JPEG,moderate,1,9169b8e8a9992d48aeb8c20fd8698c1ee698c132fefc239f39dbb6ee2871bf99,275,183,1.5027,2323.89,106.94,67.81,train
data/raw/car_damage_severity/data3a/training/02-moderate/0016.JPEG,0016.JPEG,moderate,1,833fdd9c02bdb0f692d6108a8423932519d270043b1d2ff9f6d24d7ade1124a4,275,183,1.5027,3439.66,74.49,64.55,train
data/raw/car_damage_severity/data3a/training/02-moderate/0019.JPEG,0019.JPEG,moderate,1,e973ca1aeb64f000d50b0b3c6f8f1045862b57722f318ae9130cd51bbb2e3b35,300,168,1.7857,3833.65,141.97,74.16,train
data/raw/car_damage_severity/data3a/training/02-moderate/0020.JPEG,0020.JPEG,moderate,1,7a988bc9e0b5123ff1f5fddfbf2687dfbf9855d1789e881a2a7aa80e3a4e4fb4,300,168,1.7857,897.93,82.84,40.03,train
data/raw/car_damage_severity/data3a/training/02-moderate/0021.JPEG,0021.JPEG,moderate,1,e4ace55acc1df130a1162f17eb354da286027f4f706af8933ec94f25b7123704,225,225,1.0,1267.58,104.08,57.0,train
data/raw/car_damage_severity/data3a/training/02-moderate/0022.JPEG,0022.JPEG,moderate,1,f962307113809baf6a0bae5f5fd006b5bf971ad38fa4556ce469da527d74f328,275,183,1.5027,1716.77,65.17,53.76,train
data/raw/car_damage_severity/data3a/training/02-moderate/0024.JPEG,0024.JPEG,moderate,1,3e916a3c410715097b070cec3c1b051b13482fbfb8ef53233cc6b6060c70106e,259,194,1.3351,2302.87,142.81,78.16,train
data/raw/car_damage_severity/data3a/training/02-moderate/0025.JPEG,0025.JPEG,moderate,1,b75b598b2836409cdd55a3d780453829a96478b950f701a8ca8c88955296e367,259,194,1.3351,1040.83,123.85,50.24,train
data/raw/car_damage_severity/data3a/training/02-moderate/0028.JPEG,0028.JPEG,moderate,1,95692ecf61f3fa9b1c4011dfdd8bd1aa3eb54283b36b8900ec842cee8d174d3e,299,168,1.7798,865.06,109.35,83.67,train
data/raw/car_damage_severity/data3a/training/02-moderate/0029.JPEG,0029.JPEG,moderate,1,2d2af535c651e611fe9dbb4a201e59a63b043395e8b41d664a070586449ee85b,299,168,1.7798,1942.5,108.08,64.78,train
data/raw/car_damage_severity/data3a/training/02-moderate/0030.JPEG,0030.JPEG,moderate,1,5e5cb384cb7350d905efeb854bddf9c948f8ec554dad0a5407d460a1fbb8edc4,226,223,1.0135,5449.03,91.88,71.4,train
data/raw/car_damage_severity/data3a/training/02-moderate/0031.JPEG,0031.JPEG,moderate,1,a84419d77fdbdb77acfddc4d6ff3870a1d0379e711995ec4d52d1e41af21a51c,259,194,1.3351,1733.09,121.06,75.32,train
data/raw/car_damage_severity/data3a/training/02-moderate/0033.JPEG,0033.JPEG,moderate,1,5408da4ea73244fe9ed9132d08c28c7bd6b292ba128cd255e60c105b6b2ecf73,275,183,1.5027,2679.95,116.73,56.64,train
data/raw/car_damage_severity/data3a/training/02-moderate/0034.JPEG,0034.JPEG,moderate,1,231256ca9fbe23f24c365ade7a28fcb9b3b9513d936c3d893fe0e62775b22cde,275,184,1.4946,2934.44,93.85,60.14,train
data/raw/car_damage_severity/data3a/training/02-moderate/0035.JPEG,0035.JPEG,moderate,1,cf9b29d5a48b11343a2ddd2e772a092f8442a2db1733644615e53d9fca5ea5a3,264,191,1.3822,7780.03,121.88,61.24,train
data/raw/car_damage_severity/data3a/training/02-moderate/0037.JPEG,0037.JPEG,moderate,1,a3abc6259055107a625360b76741304f53c1b03c0b40263be676b0d3657dc3be,300,168,1.7857,1835.63,46.77,63.54,train
data/raw/car_damage_severity/data3a/training/02-moderate/0038.JPEG,0038.JPEG,moderate,1,3a2d7d657cdfe725bfb6500cc3b4f2f3357ff4b5c5419d09f67b2c598ded76af,259,194,1.3351,1609.5,82.5,55.37,train
data/raw/car_damage_severity/data3a/training/02-moderate/0039.JPEG,0039.JPEG,moderate,1,2689a246a805676089d053c6667a757bf9299bba0f0c03bd1cb55d54a30fa47d,268,188,1.4255,1702.84,73.02,68.39,train
data/raw/car_damage_severity/data3a/training/02-moderate/0040.JPEG,0040.JPEG,moderate,1,bf28d1e365ede1f2af59c031869ca4a0c04e3c0b0f5731aec210dd4994031aa7,308,164,1.878,3367.66,131.32,71.84,train
data/raw/car_damage_severity/data3a/training/02-moderate/0043.JPEG,0043.JPEG,moderate,1,0a02f4a827fe7b85377662fbfbb29423b160683a5143690e08f532562d702f46,275,183,1.5027,1862.77,104.28,72.06,train
data/raw/car_damage_severity/data3a/training/02-moderate/0044.JPEG,0044.JPEG,moderate,1,f38a1ff8b6cd02be332f2a455b8d74d176d5105d7ca13f48047bad27f9e7c627,260,194,1.3402,1685.56,77.64,68.81,train
data/raw/car_damage_severity/data3a/training/02-moderate/0045.JPEG,0045.JPEG,moderate,1,3ceffa69cf83a0f1971566079866f0b2736132b3b9584b785f7262ac9d716f63,299,168,1.7798,4369.13,132.81,80.15,train
data/raw/car_damage_severity/data3a/training/02-moderate/0046.JPEG,0046.JPEG,moderate,1,505954845cd5ed34d11bff33ae68b6976efad2223daddab8e328ee8cc57d3fc4,259,194,1.3351,2855.75,83.49,57.2,train
data/raw/car_damage_severity/data3a/training/02-moderate/0047.JPEG,0047.JPEG,moderate,1,95bdaa458a1951200b360c1ce223e8ec901ff59d0a5f5586ac9174ee50997f94,259,194,1.3351,2514.42,78.91,65.83,train
data/raw/car_damage_severity/data3a/training/02-moderate/0048.JPEG,0048.JPEG,moderate,1,fd4d91e8d380c89ec2174bf014c2c363770f991b2fcd754517e9cbe60f584077,259,194,1.3351,1433.14,107.72,55.57,train
data/raw/car_damage_severity/data3a/training/02-moderate/0050.JPEG,0050.JPEG,moderate,1,fbd3d66034642b00377a61d18a3c0f2bc9774c3c0b5c5477f90e1eee4fd3be96,259,194,1.3351,1284.47,57.63,68.95,train
data/raw/car_damage_severity/data3a/training/02-moderate/0051.JPEG,0051.JPEG,moderate,1,ecfbc4a6cf2449b857accaff459f186a1ce03c8f067238bb23e9d02408ac9c0d,259,194,1.3351,1458.67,117.11,66.57,train
data/raw/car_damage_severity/data3a/training/02-moderate/0052.JPEG,0052.JPEG,moderate,1,96e12cf1d40d80d6cedcfda9f5696c56a8668ad8b343979339a2fb9aac85d59d,277,182,1.522,3055.9,70.12,51.65,train
data/raw/car_damage_severity/data3a/training/02-moderate/0054.JPEG,0054.JPEG,moderate,1,2db83fbbdcd90b8ab158c6df4c030a70a8597a900048fab6bce8a23a8343154d,260,194,1.3402,3560.58,101.57,64.72,train
data/raw/car_damage_severity/data3a/training/02-moderate/0055.JPEG,0055.JPEG,moderate,1,224fb2be739f2e077bf3a1bf2a30b61b7dc7dd2408714c2426472bbe3179045b,259,194,1.3351,2482.65,105.81,58.07,train
data/raw/car_damage_severity/data3a/training/02-moderate/0056.JPEG,0056.JPEG,moderate,1,c203828ae13d7bd5a21136da0a29680f4c4ded94d5e3f54c3d8e73d8075cbec7,277,182,1.522,1826.65,138.23,67.74,train
data/raw/car_damage_severity/data3a/training/02-moderate/0057.JPEG,0057.JPEG,moderate,1,7f043ae6a972ed465827f65389eb93b1ef97ebaad7aa7def32517466f2c55b3d,259,194,1.3351,2387.85,142.5,53.25,train
data/raw/car_damage_severity/data3a/training/02-moderate/0058.JPEG,0058.JPEG,moderate,1,5c17dab549cb94d40ed625a04888c89ebb97714152e8cd257b5295fc9a50d8ab,267,189,1.4127,2806.32,136.96,74.34,train
data/raw/car_damage_severity/data3a/training/02-moderate/0061.jpeg,0061.jpeg,moderate,1,69c5f36b8e057df04a077e8a2d55021f46d66cc2f7e58a11bcc1d262d79b80f4,259,194,1.3351,2335.08,126.85,55.86,train
data/raw/car_damage_severity/data3a/training/02-moderate/0062.JPEG,0062.JPEG,moderate,1,19c44d2bfe45f716c376287fda9c11734a397a94d6675488e75c1411568dfb40,259,194,1.3351,1922.23,135.97,45.69,train
data/raw/car_damage_severity/data3a/training/02-moderate/0064.jpeg,0064.jpeg,moderate,1,83069f1e85e5db10e0fd99d6025d7e02cb9517e66f5aa24d0586c52c47b17a1d,303,166,1.8253,1092.56,138.15,56.93,train
data/raw/car_damage_severity/data3a/training/02-moderate/0065.JPEG,0065.JPEG,moderate,1,b5ebfbb5963efec65d8809dfdc02945d208250ae6410719c517d46f9240ab226,259,194,1.3351,3222.13,106.37,59.72,train
data/raw/car_damage_severity/data3a/training/02-moderate/0066.JPEG,0066.JPEG,moderate,1,19ef994c72ccca7a5312dd197d4e49582d1f72b22761e1e1659ee8be6e2807d8,259,195,1.3282,2712.85,132.88,69.11,train
data/raw/car_damage_severity/data3a/training/02-moderate/0067.JPEG,0067.JPEG,moderate,1,3fc47b3eb3fa79151955e2087666684ad3ae4f3c9fcf30b6f6f53298703bf782,267,189,1.4127,2798.91,136.94,74.34,train
data/raw/car_damage_severity/data3a/training/02-moderate/0068.JPEG,0068.JPEG,moderate,1,e3a36380313488021f0371fa39297724f90122f350ce29fe4ca3dafab9828d41,194,259,0.749,5604.27,125.53,63.31,train
data/raw/car_damage_severity/data3a/training/02-moderate/0070.JPEG,0070.JPEG,moderate,1,92e6899d9d5898e61d4e4ed0f40839d8fe6844d8761f718c8c6858c2d7dba230,283,178,1.5899,1017.85,119.12,41.32,train
data/raw/car_damage_severity/data3a/training/02-moderate/0071.JPEG,0071.JPEG,moderate,1,d8402c573a76d4919d2748b6a1942296fbe0868a166148cbe823bd1e5267ea44,259,195,1.3282,3257.36,117.44,55.23,train
data/raw/car_damage_severity/data3a/training/02-moderate/0075.JPEG,0075.JPEG,moderate,1,dd947b30b90396f759148ce8e77268a2fa931c9ab74d17923e3ea1199dd0dc12,179,281,0.637,4300.56,112.75,76.24,train
data/raw/car_damage_severity/data3a/training/02-moderate/0077.jpeg,0077.jpeg,moderate,1,76045b92523acd8873543fa2230b31cf7cee0ab6dd597682ffc249da3c7078f2,259,195,1.3282,1897.83,113.94,52.95,train
data/raw/car_damage_severity/data3a/training/02-moderate/0078.JPEG,0078.JPEG,moderate,1,836905a067ba384d8d08374f2352416306ce94b548fd4f6040b426c973cdebb1,269,188,1.4309,3088.53,96.48,75.28,train
data/raw/car_damage_severity/data3a/training/02-moderate/0081.JPEG,0081.JPEG,moderate,1,75658d8ce1020a8852239550d1ab9d2158c5d2a40be8964e6a56a6b5d5dae181,299,168,1.7798,4273.46,108.81,65.78,train
data/raw/car_damage_severity/data3a/training/02-moderate/0082.JPEG,0082.JPEG,moderate,1,d19ed7953674c5b0ed05f87878c9eb7f2c242c88c1693f407a2bc0101d6fb1b2,266,189,1.4074,3423.48,145.09,73.91,train
data/raw/car_damage_severity/data3a/training/02-moderate/0083.JPEG,0083.JPEG,moderate,1,2c6417aa4acd603debaf3ebfa4fc4ff3de675e979a809bd91ed07479e995debd,266,189,1.4074,2061.83,118.14,80.04,train
data/raw/car_damage_severity/data3a/training/02-moderate/0084.jpeg,0084.jpeg,moderate,1,3855ca44ce6a4f70e71f8d31c4d93726b0d13774dba744dd7895af5961b098aa,300,168,1.7857,2115.71,107.91,60.73,train
data/raw/car_damage_severity/data3a/training/02-moderate/0085.jpeg,0085.jpeg,moderate,1,93da8c5d14b210a80aa754703ac2bfbc040e33e662a111011632ce9c5dec1771,299,168,1.7798,4477.54,111.95,61.75,train
data/raw/car_damage_severity/data3a/training/02-moderate/0086.JPEG,0086.JPEG,moderate,1,a7ae7abbd56d959f3bad7cd9a689cf81a2b720a12b1cf0a01c28f988168a746a,259,194,1.3351,1536.61,87.68,68.24,train
data/raw/car_damage_severity/data3a/training/02-moderate/0087.jpeg,0087.jpeg,moderate,1,69473d9449640c72b8255ae746e6498635b7c4f2f560fa53e350233af3dc13f2,245,205,1.1951,1234.07,99.82,67.35,train
data/raw/car_damage_severity/data3a/training/02-moderate/0088.JPEG,0088.JPEG,moderate,1,4180c4e2d62de7263ad65f86e1d363369902d27d321beab702ddb59da5326d12,259,194,1.3351,1838.79,109.76,52.04,train
data/raw/car_damage_severity/data3a/training/02-moderate/0089.jpeg,0089.jpeg,moderate,1,5fb6119e8ec0b0f268eec135840f8d4660f4150dbfe75ae343db73e9668768e8,259,195,1.3282,2389.04,88.37,59.28,train
data/raw/car_damage_severity/data3a/training/02-moderate/0090.JPEG,0090.JPEG,moderate,1,34c1fe20795b05f46c6d9e888d7734ac8609edfd3bd690246ede521f136b837d,259,194,1.3351,1938.98,102.9,65.43,train
data/raw/car_damage_severity/data3a/training/02-moderate/0094.JPEG,0094.JPEG,moderate,1,aad232cd87a445fad69ded2e50c4da7ceac51b67fea2b5bef406c808d30510c2,260,194,1.3402,1566.4,81.13,65.21,train
data/raw/car_damage_severity/data3a/training/02-moderate/0097.JPEG,0097.JPEG,moderate,1,a27a9f5b54b7f6e11fa568622b7d15cfecc90938c49c59d0306de976868b88f2,211,131,1.6107,1762.47,117.84,65.48,train
data/raw/car_damage_severity/data3a/training/02-moderate/0099.JPEG,0099.JPEG,moderate,1,083340f9206caa2ce3790ecc8cc08982d203ad4ffbf250e552c91c7bac25702c,163,170,0.9588,3740.21,117.03,64.51,train
data/raw/car_damage_severity/data3a/training/02-moderate/0100.JPEG,0100.JPEG,moderate,1,2131d55c96996f75ed544d96a10f50f8f764aab737038d3c8fbc91a295133c3e,215,150,1.4333,6808.42,99.57,63.8,train
data/raw/car_damage_severity/data3a/training/02-moderate/0103.JPEG,0103.JPEG,moderate,1,0fc187b1770be65406dbe36cca2de09ad5903512516047dc8aa6531469d0aca4,300,168,1.7857,5255.54,64.19,63.78,train
data/raw/car_damage_severity/data3a/training/02-moderate/0104.JPEG,0104.JPEG,moderate,1,5a9c3658f853d8098b5850ac615d65396cb8d8fdf7e73859e1a3ff3511cbf60a,275,183,1.5027,733.56,114.94,62.18,train
data/raw/car_damage_severity/data3a/training/02-moderate/0106.JPEG,0106.JPEG,moderate,1,2c899c4d9e698209737abe7056714e72e80ee977410fbf0041391b99dfb62bf6,259,194,1.3351,2790.79,127.63,71.85,train
data/raw/car_damage_severity/data3a/training/02-moderate/0107.JPEG,0107.JPEG,moderate,1,81d41aa17d821684280f9f4727ed5a59ca9d249e832a4afd919072059ffb5ec9,259,194,1.3351,1059.57,137.52,61.87,train
data/raw/car_damage_severity/data3a/training/02-moderate/0108.JPEG,0108.JPEG,moderate,1,6f313a3a585b797969d9ce6055b518eb01a06e3a1a7fdfcdd49504266306b043,259,194,1.3351,1755.13,86.61,55.62,train
data/raw/car_damage_severity/data3a/training/02-moderate/0112.JPEG,0112.JPEG,moderate,1,6455cdab6cf1650082dfb1f807c97f50f8b767cead9752cd21bd9c731e38bbc5,290,173,1.6763,2510.9,115.22,78.32,train
data/raw/car_damage_severity/data3a/training/02-moderate/0113.JPEG,0113.JPEG,moderate,1,e7184a505c3ce67da6468c74ed9fe395729e5601c69b5fc80a3e5e88eb0f75a8,275,183,1.5027,1905.29,152.32,71.03,train
data/raw/car_damage_severity/data3a/training/02-moderate/0116.JPEG,0116.JPEG,moderate,1,eae7bf9ee9418a6077af9fc14358e7e9b6a997606e91c0ad1a9c3c8046d60b83,263,192,1.3698,2555.35,121.93,74.2,train
data/raw/car_damage_severity/data3a/training/02-moderate/0117.JPEG,0117.JPEG,moderate,1,05d12b3c15edc174dc962e656f1225b6845ce07fb9abadcbd99a94e5636328fc,275,183,1.5027,2839.34,127.53,72.88,train
data/raw/car_damage_severity/data3a/training/02-moderate/0119.JPEG,0119.JPEG,moderate,1,ae4c9625ff816ed4b00e794c774236a7c3ecfd1a55deae595ea24281d833b912,294,171,1.7193,1956.46,73.74,71.93,train
data/raw/car_damage_severity/data3a/training/02-moderate/0121.JPEG,0121.JPEG,moderate,1,8fcb319add589f06cd3e939355cc2afbe37e87c239577d441eabc372e93ac4d5,274,184,1.4891,5587.0,126.12,76.52,train
data/raw/car_damage_severity/data3a/training/02-moderate/0123.JPEG,0123.JPEG,moderate,1,29b1aaab506ee6a765eeb578293147002dcead571bd7a114e8a5577015957f1d,234,130,1.8,1121.19,91.14,61.86,train
data/raw/car_damage_severity/data3a/training/02-moderate/0125.JPEG,0125.JPEG,moderate,1,d617e81854ea6aabd2dafcd2ee73cda1130cfd8465a2aeb77844b732ed7c08cf,268,188,1.4255,2097.27,147.13,82.41,train
data/raw/car_damage_severity/data3a/training/02-moderate/0126.JPEG,0126.JPEG,moderate,1,03146dcf1c6df409fa1166c18eae86711ca69491a12f23c9391e28f820ab8bd3,259,194,1.3351,1601.41,111.75,50.21,train
data/raw/car_damage_severity/data3a/training/02-moderate/0127.JPEG,0127.JPEG,moderate,1,f43698cafba74f88c1d2359ad02b414eeb8cdf4e27f64858608a4c5a60c520c3,300,168,1.7857,1616.32,95.27,59.27,train
data/raw/car_damage_severity/data3a/training/02-moderate/0128.jpeg,0128.jpeg,moderate,1,99d0d5593cd66a77fdf7f92a975d27c7b16861b43cc04091ff342cd384209c97,275,183,1.5027,3499.83,122.07,57.63,train
data/raw/car_damage_severity/data3a/training/02-moderate/0129.JPEG,0129.JPEG,moderate,1,c910347150afbe6b39c9869dd215b8a7a73ba822eee06e66ff18d5fb9e168165,237,148,1.6014,3278.05,121.27,63.59,train
data/raw/car_damage_severity/data3a/training/02-moderate/0131.JPEG,0131.JPEG,moderate,1,e48736278d6971ab8fdc48d3de8b3e5eb29bf275049dc5bbe1aaf932b5a2ac23,258,124,2.0806,4171.8,110.66,64.48,train
data/raw/car_damage_severity/data3a/training/02-moderate/0132.JPEG,0132.JPEG,moderate,1,507449ad574868aedf8e6bc8127f209afbf1ed5c0ee792f56bb5986a9e01c56c,275,183,1.5027,3497.17,110.64,55.91,train
data/raw/car_damage_severity/data3a/training/02-moderate/0133.JPEG,0133.JPEG,moderate,1,4f5a88d0fd27a0a35b4c7b111fa14a10acc07d1bac34016306cf1537399dd8fe,204,247,0.8259,2097.85,107.82,72.74,train
data/raw/car_damage_severity/data3a/training/02-moderate/0135.JPEG,0135.JPEG,moderate,1,4f49dc807971ff117f31cf1d739a946d01a612a79c97fe49f142728ad01b497a,259,194,1.3351,2629.53,106.41,67.71,train
data/raw/car_damage_severity/data3a/training/02-moderate/0136.JPEG,0136.JPEG,moderate,1,6638da7e69249259cac6ed32629fe42e7688980478a78a057ade8153a089912f,300,168,1.7857,2587.23,76.38,56.73,train
data/raw/car_damage_severity/data3a/training/02-moderate/0137.JPEG,0137.JPEG,moderate,1,acce55af75eb640f0fe055ac897767cadfd5f699c8766c6fcdbd43ba295c2b11,276,183,1.5082,7822.81,119.32,62.66,train
data/raw/car_damage_severity/data3a/training/02-moderate/0138.JPEG,0138.JPEG,moderate,1,51c27adecad4cf2497707637967a6181535222ab72b44ecafcf2aee578c9f4b1,260,194,1.3402,2150.86,111.24,77.1,train
data/raw/car_damage_severity/data3a/training/02-moderate/0139.JPEG,0139.JPEG,moderate,1,e66d9fd85281427afe011a44b3120cbb2835ae0abbbb0eb7bc8e1fc02b11abdc,186,169,1.1006,5322.45,102.63,86.03,train
data/raw/car_damage_severity/data3a/training/02-moderate/0140.JPEG,0140.JPEG,moderate,1,e9b5acfba753a9725616c132b556f13500b9a00dc969c678bb78410b7269915f,165,148,1.1149,3312.99,114.83,66.16,train
data/raw/car_damage_severity/data3a/training/02-moderate/0141.JPEG,0141.JPEG,moderate,1,d27cbc69dcdc334fb82a26a67c0d2749c7bce769e62b00744d64c1469d76c029,265,190,1.3947,4378.47,84.52,56.03,train
data/raw/car_damage_severity/data3a/training/02-moderate/0142.JPEG,0142.JPEG,moderate,1,fa18adc9e2955bbac89423f400f8008e380dbe4481b4ca268357748d4baad5d9,268,188,1.4255,2843.77,102.48,69.05,train
data/raw/car_damage_severity/data3a/training/02-moderate/0144.JPEG,0144.JPEG,moderate,1,2f3d03587fbb45fb440f20d8f2ffff0583aedae5803c2be8e17bf39c6184bfce,284,177,1.6045,1685.85,103.73,69.06,train
data/raw/car_damage_severity/data3a/training/02-moderate/0146.JPEG,0146.JPEG,moderate,1,d0ad654df37da587456df0adfa16986a482439edcce5e3b6544ac7dcea864734,300,168,1.7857,3193.97,124.04,53.71,train
data/raw/car_damage_severity/data3a/training/02-moderate/0147.JPEG,0147.JPEG,moderate,1,b3a4fd5388205c9fcee51f4917a28e97ec57ae13b86bc3dc041933c4f04bd70f,299,168,1.7798,4065.65,88.69,52.79,train
data/raw/car_damage_severity/data3a/training/02-moderate/0150.JPEG,0150.JPEG,moderate,1,2fd8a34d5c1790f9b773ee356978db56958caac95766b7ea2d258feec013393d,179,120,1.4917,3034.78,117.55,71.43,train
data/raw/car_damage_severity/data3a/training/02-moderate/0153.JPEG,0153.JPEG,moderate,1,ee8c51972b099f1dad34058a8bf545b1b0a43dcbcc36bade4955b8110e546bcf,299,168,1.7798,3541.52,87.44,74.46,train
data/raw/car_damage_severity/data3a/training/02-moderate/0154.JPEG,0154.JPEG,moderate,1,a0f07acaac791214e8bb92c49c1190f7328254d9dd7cf7473647edfc11a45f48,259,194,1.3351,2054.22,142.25,49.12,train
data/raw/car_damage_severity/data3a/training/02-moderate/0156.JPEG,0156.JPEG,moderate,1,2beae6f82662544e9d720bf214ed632f7499562ca8b3413a37709beaac5a7ef2,174,97,1.7938,1580.35,121.32,66.2,train
data/raw/car_damage_severity/data3a/training/02-moderate/0157.JPEG,0157.JPEG,moderate,1,6746ea7376ceb5cc0ada828de090a95ee83e59dbc41f69b8a23edca311521e24,259,194,1.3351,3092.89,100.46,70.06,train
data/raw/car_damage_severity/data3a/training/02-moderate/0159.JPEG,0159.JPEG,moderate,1,b50fabd30b8d045870434c82a6f861efc232a21b1ea5198f6299cd7f558377e2,259,194,1.3351,2347.47,83.55,67.38,train
data/raw/car_damage_severity/data3a/training/02-moderate/0160.JPEG,0160.JPEG,moderate,1,5f72e5c4e26ea4c25c390b5027ace36a92fa8324dcdca06760f09cc1ed197d54,259,194,1.3351,3985.09,139.78,75.85,train
data/raw/car_damage_severity/data3a/training/02-moderate/0162.JPEG,0162.JPEG,moderate,1,4d8ac5fa748f3dbdbb0e5787fe9a4e69d3768c1bcee9ed58c4c8444f4be2079c,168,133,1.2632,3280.51,121.55,73.79,train
data/raw/car_damage_severity/data3a/training/02-moderate/0164.JPEG,0164.JPEG,moderate,1,68fd9e1fb9772708cf0f842b643e19cde763d3134e5b7ca566211f99e7acb2a0,292,173,1.6879,1887.44,116.11,58.72,train
data/raw/car_damage_severity/data3a/training/02-moderate/0165.JPEG,0165.JPEG,moderate,1,c77341ea86412a072116405a857063991118828e596618452f0207952aca9117,259,194,1.3351,2230.2,96.43,72.94,train
data/raw/car_damage_severity/data3a/training/02-moderate/0166.JPEG,0166.JPEG,moderate,1,bfc502f22ba17ab0b9589e36681a8c6b7fc9bc0982bbbc8d839d62cadbe9a70d,269,187,1.4385,4034.89,70.45,60.71,train
data/raw/car_damage_severity/data3a/training/02-moderate/0168.JPEG,0168.JPEG,moderate,1,b46c98569b4c86a6ce5626569126b7247cb424225621b0359923301197db940f,194,259,0.749,2047.0,86.68,57.68,train
data/raw/car_damage_severity/data3a/training/02-moderate/0169.JPEG,0169.JPEG,moderate,1,681388a3db139c4b842283e8cc05e32a6709994168492f562610dfcdc6ec3b48,166,127,1.3071,2718.18,76.26,60.22,train
data/raw/car_damage_severity/data3a/training/02-moderate/0171.JPEG,0171.JPEG,moderate,1,e6731ea4d5928975d2646c9b512c60b424ddf3f6cb1965b6956d976ff58a49f1,259,194,1.3351,1341.87,107.2,58.45,train
data/raw/car_damage_severity/data3a/training/02-moderate/0172.JPEG,0172.JPEG,moderate,1,472c2c3e2b214c7dee97a8043cd7f6d57f69449d44e241ed3d1bbcf22b213770,264,191,1.3822,2811.63,104.62,58.46,train
data/raw/car_damage_severity/data3a/training/02-moderate/0173.JPEG,0173.JPEG,moderate,1,30dbe9e29e3d5ed3c997dab749bb6533c37e32ff8147e0b2ae7f61d22b53d003,180,281,0.6406,2066.78,94.08,50.38,train
data/raw/car_damage_severity/data3a/training/02-moderate/0174.JPEG,0174.JPEG,moderate,1,172a3072200938154a9a4090d769a7ea2482ffe2504fa3a8e42546309c350225,259,194,1.3351,2313.64,96.93,63.2,train
data/raw/car_damage_severity/data3a/training/02-moderate/0175.JPEG,0175.JPEG,moderate,1,129dedfe2a601685ed3ab6b391693295f2a9e26dd4700548e3c4300544944cc6,225,225,1.0,2984.0,119.18,58.19,train
data/raw/car_damage_severity/data3a/training/02-moderate/0176.JPEG,0176.JPEG,moderate,1,fbf86a802a4d7bc8a5a46c26580c8dc78f798e6e66f117cd85ed131547c33a37,269,188,1.4309,5224.77,130.57,75.33,train
data/raw/car_damage_severity/data3a/training/02-moderate/0178.JPEG,0178.JPEG,moderate,1,bed36625bcacaca0e03a0dbc8f76d6b56bc6a7ebd5fc0cdbf1a478ac70b5d189,201,84,2.3929,4225.75,112.66,67.88,train
data/raw/car_damage_severity/data3a/training/02-moderate/0179.JPEG,0179.JPEG,moderate,1,d20fdf9662101c77bf9757ad1becf85a4dbd170df0dc438c5391bdecd2e2079b,261,193,1.3523,3290.55,99.84,62.02,train
data/raw/car_damage_severity/data3a/training/02-moderate/0182.JPEG,0182.JPEG,moderate,1,3c87bf45903438dd6a9c7e794d6e10b754df7711109340e682c94c40c9f3cdbe,264,191,1.3822,2907.48,85.51,56.28,train
data/raw/car_damage_severity/data3a/training/02-moderate/0183.JPEG,0183.JPEG,moderate,1,f710e530f93e5e7ef2d571967bf1d8a2c64dd21ea294c96292fb373eb4ee2839,259,194,1.3351,2785.37,107.11,86.02,train
data/raw/car_damage_severity/data3a/training/02-moderate/0184.JPEG,0184.JPEG,moderate,1,353212be0e7758ea2814b899e795ac2f41ee99f207f00b2f31f444bf93d346de,268,188,1.4255,4672.3,120.33,68.9,train
data/raw/car_damage_severity/data3a/training/02-moderate/0185.jpeg,0185.jpeg,moderate,1,53d59a125d7de6de22053115f41b8ade4f7d841222213011cc555101ef71ed4e,179,83,2.1566,3079.0,79.76,46.09,train
data/raw/car_damage_severity/data3a/training/02-moderate/0186.JPEG,0186.JPEG,moderate,1,6dc9e78d9bf236e0279e0041c35723c5b94cb2c8d3d2cf84c975be309156b95b,182,277,0.657,2740.83,98.1,63.96,train
data/raw/car_damage_severity/data3a/training/02-moderate/0187.JPEG,0187.JPEG,moderate,1,fd82d8952535e618a791ba5ed813923a3bc23252aacd2026e0e7509a0b148aef,269,188,1.4309,5190.98,138.71,67.26,train
data/raw/car_damage_severity/data3a/training/02-moderate/0188.JPEG,0188.JPEG,moderate,1,cd3f89f6aef0fb42e39b4434ebc2c95a72c4869345912b745c432ee228e9df7b,301,167,1.8024,2309.6,152.81,61.15,train
data/raw/car_damage_severity/data3a/training/02-moderate/0189.JPEG,0189.JPEG,moderate,1,f1aa6b82ecc28c01eee2a426795ac18b59cb8b6c4c32d8d56405684299814600,259,194,1.3351,2510.39,120.93,84.42,train
data/raw/car_damage_severity/data3a/training/02-moderate/0190.JPEG,0190.JPEG,moderate,1,973e3dff08601e13fafca2aef469bf24ca966f0e2110210f29b6e20aea6cb51a,259,194,1.3351,1949.98,116.29,58.27,train
data/raw/car_damage_severity/data3a/training/02-moderate/0191.JPEG,0191.JPEG,moderate,1,81ee78a7fc578c1c26fbd38e5c0d12e55822ef43a47d900c818606b659994359,169,129,1.3101,2926.49,129.95,55.01,train
data/raw/car_damage_severity/data3a/training/02-moderate/0192.JPEG,0192.JPEG,moderate,1,81be36b4c09af42f1dcf7044394368c5222aeefdd2ad45e25ba7a7a7fe96ab77,196,117,1.6752,2777.4,113.76,52.34,train
data/raw/car_damage_severity/data3a/training/02-moderate/0194.JPEG,0194.JPEG,moderate,1,6cabc602d65ac949e96c3e3fd4eb9ff2c2d33c2cee6320f19bf5c98238a0118c,140,131,1.0687,2832.84,102.76,74.93,train
data/raw/car_damage_severity/data3a/training/02-moderate/0195.JPEG,0195.JPEG,moderate,1,3a603e010f07a2e8a1fa9a8a0d1f284494b08cc129d2f0cfdae17722f2e4e6e2,259,194,1.3351,3129.96,124.38,64.23,train
data/raw/car_damage_severity/data3a/training/02-moderate/0197.JPEG,0197.JPEG,moderate,1,166d101d9f1ede6eef39b243e6bd93ef7b8712a253ab77f8634012dfb4015d79,196,97,2.0206,3290.25,95.82,66.54,train
data/raw/car_damage_severity/data3a/training/02-moderate/0198.JPEG,0198.JPEG,moderate,1,34c1fe20795b05f46c6d9e888d7734ac8609edfd3bd690246ede521f136b837d,259,194,1.3351,1938.98,102.9,65.43,train
data/raw/car_damage_severity/data3a/training/02-moderate/0199.JPEG,0199.JPEG,moderate,1,3ba740920e5380fde2bd79a39c3e31cbaca9f0b3496d492f405c71851ba3ed75,275,183,1.5027,4101.08,101.51,63.8,train
data/raw/car_damage_severity/data3a/training/02-moderate/0200.JPEG,0200.JPEG,moderate,1,ceb4d9796fc91794d903e948fb0623f3e5edeb1fe06e82930fa354187b2a5d8a,259,194,1.3351,3622.84,109.05,75.27,train
data/raw/car_damage_severity/data3a/training/02-moderate/0201.JPEG,0201.JPEG,moderate,1,bd6e9370ee5252a771099ea3cd08d9f33d356219478208737211fb435f65937e,259,194,1.3351,1405.0,111.9,71.4,train
data/raw/car_damage_severity/data3a/training/02-moderate/0203.JPEG,0203.JPEG,moderate,1,c5491dbc78b7c39704d4baa4ad96542681b0b7fe69ad92da4aaafa38aa676b1b,225,225,1.0,4160.7,71.64,47.94,train
data/raw/car_damage_severity/data3a/training/02-moderate/0204.JPEG,0204.JPEG,moderate,1,224fb2be739f2e077bf3a1bf2a30b61b7dc7dd2408714c2426472bbe3179045b,259,194,1.3351,2482.65,105.81,58.07,train
data/raw/car_damage_severity/data3a/training/02-moderate/0206.JPEG,0206.JPEG,moderate,1,129ca5feae35119e6487c73b67e1733151bdb8a1e54db4c086f822663285eaa6,275,183,1.5027,4562.06,104.09,52.69,train
data/raw/car_damage_severity/data3a/training/02-moderate/0208.JPEG,0208.JPEG,moderate,1,69ebcd8f2289958c43594e72d9f780e1759518c4e5bc27194c5f798497cba6b1,275,183,1.5027,2498.08,105.31,64.63,train
data/raw/car_damage_severity/data3a/training/02-moderate/0210.JPEG,0210.JPEG,moderate,1,b1b95e9999035297e73b0c2d008e2f54bdbf4f4305a9d0ee9c0d529565a64d9b,300,168,1.7857,2461.43,101.45,60.37,train
data/raw/car_damage_severity/data3a/training/02-moderate/0211.JPEG,0211.JPEG,moderate,1,7c1b36651d6efe4c0ce1235a0f31d5e277f427141c2e3ca62e487f79c7ced098,192,263,0.73,2610.84,137.43,79.17,train
data/raw/car_damage_severity/data3a/training/02-moderate/0212.JPEG,0212.JPEG,moderate,1,c72edeb95d39065dfd29d00d814614ee9c03c51d05c9f46c0e3a63ac1f487efb,259,194,1.3351,2065.55,100.64,48.27,train
data/raw/car_damage_severity/data3a/training/02-moderate/0217.JPEG,0217.JPEG,moderate,1,fb5d6879eb4e2fbdbfd0a94e2a010c78fb829f8e2465c096989de0a2bfcbd859,259,194,1.3351,4055.25,130.67,82.67,train
data/raw/car_damage_severity/data3a/training/02-moderate/0218.JPEG,0218.JPEG,moderate,1,73f8860bf3ccb7d5ddd737f4eb13d98df557ab98718f2e988d07b852f7886c4e,274,184,1.4891,850.42,169.49,67.93,train
data/raw/car_damage_severity/data3a/training/02-moderate/0219.JPEG,0219.JPEG,moderate,1,d880ac67d58a36a03eb4f5d07284c8fc50f2a3170a950646fe8f54d40bc82179,259,194,1.3351,2945.63,150.72,64.05,train
data/raw/car_damage_severity/data3a/training/02-moderate/0220.JPEG,0220.JPEG,moderate,1,2a1ee655d461b43c7d9849d7641ed22fd88c7fd565356cabcfadd817804672ae,260,194,1.3402,2685.81,119.45,71.33,train
data/raw/car_damage_severity/data3a/training/02-moderate/0221.JPEG,0221.JPEG,moderate,1,63b9f7598ef55f996ae122abb9dfe00721a86e6a3b96deb8f50d9394ba91087d,283,178,1.5899,3176.24,109.71,55.2,train
data/raw/car_damage_severity/data3a/training/02-moderate/0223.JPEG,0223.JPEG,moderate,1,d8d7b6f7ff04d5a14fba631df916393d86c4bf72c2688360374d9efc4ae303ae,275,183,1.5027,913.31,42.26,31.93,train
data/raw/car_damage_severity/data3a/training/02-moderate/0224.JPEG,0224.JPEG,moderate,1,395b2f79c46b753d16589d2e748a6902d938d01f22fd5a08a771206fbb64ebd6,259,194,1.3351,1698.29,130.15,58.79,train
data/raw/car_damage_severity/data3a/training/02-moderate/0225.JPEG,0225.JPEG,moderate,1,2ecac3158bb6dcc8b1bbb1feb98f1a6cece612778fb25743b02260284d30a8fd,162,116,1.3966,4962.63,108.75,63.8,train
data/raw/car_damage_severity/data3a/training/02-moderate/0226.JPEG,0226.JPEG,moderate,1,e9b2ec196dbb32a44b1b14b161e841cbc748e86e2248d0b00324e90455178b32,259,194,1.3351,2960.2,157.35,74.36,train
data/raw/car_damage_severity/data3a/training/02-moderate/0227.JPEG,0227.JPEG,moderate,1,8c43ddaade1d2b3db322e751a3f22a0c8fc044439d40186ca10214c3e69a906b,259,194,1.3351,2033.42,113.07,67.04,train
data/raw/car_damage_severity/data3a/training/02-moderate/0228.JPEG,0228.JPEG,moderate,1,e2452e441148b9e0499169e546ad3b2c3e5090641d62f17cfca36a577e0c00c0,269,187,1.4385,3536.49,151.62,61.16,train
data/raw/car_damage_severity/data3a/training/02-moderate/0229.JPEG,0229.JPEG,moderate,1,f62adde7f24845dbb9bed9ed4a007350f67c7f33b7e487ccc8cf564e600969f5,286,176,1.625,3157.35,96.81,57.81,train
data/raw/car_damage_severity/data3a/training/02-moderate/0230.JPEG,0230.JPEG,moderate,1,1758e4880675e9797caf58fa17ba4f90835185d121c00eee887d53b099acf9e4,299,168,1.7798,4572.05,101.52,53.72,train
data/raw/car_damage_severity/data3a/training/02-moderate/0233.JPEG,0233.JPEG,moderate,1,658f8a3fd2cfe41d6bb55fb313c07569f27d72429d000ffca531822139daf9fb,321,157,2.0446,1828.31,126.22,67.51,train
data/raw/car_damage_severity/data3a/training/02-moderate/0234.JPEG,0234.JPEG,moderate,1,a378f6abbff38a41e1b6fe75a6cbbbcfa2794561d139e908b18fc73ffa645cad,259,194,1.3351,3335.19,114.01,57.41,train
data/raw/car_damage_severity/data3a/training/02-moderate/0235.JPEG,0235.JPEG,moderate,1,bd2cec6b22cf20f6ea39d5b93c0c1f0c709e69f354d98941a439f79ad38d2e96,259,194,1.3351,3198.31,116.47,59.77,train
data/raw/car_damage_severity/data3a/training/02-moderate/0236.JPEG,0236.JPEG,moderate,1,fe425351d5652f86fe8c189aa1e6ba33039fa447c74a48d9ca0ee245ea9dc9c8,259,194,1.3351,1700.75,120.69,71.29,train
data/raw/car_damage_severity/data3a/training/02-moderate/0237.JPEG,0237.JPEG,moderate,1,480f9e35558584a4bbc031202656633b43cb551b9580724aff9727afe2746e3f,284,177,1.6045,1814.72,78.29,60.15,train
data/raw/car_damage_severity/data3a/training/02-moderate/0238.JPEG,0238.JPEG,moderate,1,86a87c3e874fe95e556162e420f3f6387d297fa655b1eeacfdd7907452d7fc22,259,194,1.3351,2433.08,130.99,66.26,train
data/raw/car_damage_severity/data3a/training/02-moderate/0239.JPEG,0239.JPEG,moderate,1,f042179e0d84cfbca528e90ebf48c5e834cf0404ed2034bdaa4814b2e433af24,259,194,1.3351,1290.84,143.3,69.2,train
data/raw/car_damage_severity/data3a/training/02-moderate/0240.JPEG,0240.JPEG,moderate,1,4c5d61911f6fa03087006cd92005dd99c229cd3328fbc78f504537e06a043564,275,183,1.5027,1779.51,111.31,72.86,train
data/raw/car_damage_severity/data3a/training/02-moderate/0241.jpeg,0241.jpeg,moderate,1,d44a0579694501bde5f6a35a7bd85c71f7bc457cc47b61229a8a1f151b6485be,266,189,1.4074,1902.86,128.24,79.3,train
data/raw/car_damage_severity/data3a/training/02-moderate/0242.JPEG,0242.JPEG,moderate,1,a8a6c69d335fd8317af4f61c6293e1e6e4b7ce3a3d6594a3b36181eb43471669,276,182,1.5165,1618.86,88.05,62.03,train
data/raw/car_damage_severity/data3a/training/02-moderate/0243.JPEG,0243.JPEG,moderate,1,cfbb1709c4feefe30c281c3d572f1fb127f6da6f109c979a9379345f9ab07ee0,243,94,2.5851,5988.69,111.13,72.72,train
data/raw/car_damage_severity/data3a/training/02-moderate/0245.JPEG,0245.JPEG,moderate,1,c2ab4d12a5912282959e978dfd07c882ee8fab452cc903c697ca9ac4d83d0cf3,262,192,1.3646,2130.88,95.6,62.31,train
data/raw/car_damage_severity/data3a/training/02-moderate/0246.JPEG,0246.JPEG,moderate,1,7a42946fa14508783169b7d4fbc4040b10e077dd31a996403b729646969d6521,259,194,1.3351,2471.95,133.53,48.4,train
data/raw/car_damage_severity/data3a/training/02-moderate/0248.JPEG,0248.JPEG,moderate,1,a62c7b986c6cdcbe82b955d87dccdd28881ea6079f58096aa967b7df99edb878,259,194,1.3351,7664.86,76.83,66.88,train
data/raw/car_damage_severity/data3a/training/02-moderate/0249.jpeg,0249.jpeg,moderate,1,6b76f98f5f4a52d710c451183830532067519880188cc06c5714f7ffe48f3f9d,314,160,1.9625,5386.44,114.71,89.88,train
data/raw/car_damage_severity/data3a/training/02-moderate/0250.JPEG,0250.JPEG,moderate,1,6312d6dcbf3f95c01afb6c5fcb14ca7401257022a7e534bfac6cd43c6f8efa4f,199,106,1.8774,5341.35,113.63,64.66,train
data/raw/car_damage_severity/data3a/training/02-moderate/0252.JPEG,0252.JPEG,moderate,1,c11446f519dac1686ac151051ef90918a2b87dfd5bbc33a93cc908fa81495155,269,187,1.4385,5506.13,104.62,70.98,train
data/raw/car_damage_severity/data3a/training/02-moderate/0253.jpeg,0253.jpeg,moderate,1,f96f934e06ed5c81a96e9de8f3ce7cd5b8a561b363e92d1e56fc4a9a13178349,259,194,1.3351,1815.72,134.79,66.33,train
data/raw/car_damage_severity/data3a/training/02-moderate/0254.JPEG,0254.JPEG,moderate,1,9cf23a08b4965dd5c7182858e8bfeb70870416e10299f39170c4813d5a6329de,259,194,1.3351,1615.75,137.26,69.3,train
data/raw/car_damage_severity/data3a/training/02-moderate/0255.JPEG,0255.JPEG,moderate,1,d1c3ac6a8db93eb00b133f381f26d9a854cdbd84e6f71f74030ed4e28e6c8a8f,275,183,1.5027,1342.72,148.62,75.38,train
data/raw/car_damage_severity/data3a/training/02-moderate/0256.JPEG,0256.JPEG,moderate,1,127131d0583f1b56b6a1b2db1b9bf04fdcf43af19dafef11387d05dee795d079,259,194,1.3351,1377.45,84.36,61.76,train
data/raw/car_damage_severity/data3a/training/02-moderate/0258.JPEG,0258.JPEG,moderate,1,7708c5f4c4b2c7e5856ced111a0719a8258c5173f2c9794e5bcca74b6d31e9cf,275,183,1.5027,1849.14,121.86,85.98,train
data/raw/car_damage_severity/data3a/training/02-moderate/0259.JPEG,0259.JPEG,moderate,1,b75cae998cdb464591f7b2eee01318b85926d7e31635738c75b7e51709498fe4,260,194,1.3402,2520.86,107.38,71.2,train
data/raw/car_damage_severity/data3a/training/02-moderate/0260.jpeg,0260.jpeg,moderate,1,79a2f6e0543d52689bab4871d3aa8da85ab484d7919bb2283b49689f6c2077f1,269,188,1.4309,2504.48,106.75,71.05,train
data/raw/car_damage_severity/data3a/training/02-moderate/0262.jpeg,0262.jpeg,moderate,1,6038cb9ec0a8ac746eb940e441bb48138d1aed184e4a817ed2e290474ee38407,259,194,1.3351,3094.31,110.37,74.87,train
data/raw/car_damage_severity/data3a/training/02-moderate/0263.JPEG,0263.JPEG,moderate,1,83945f3b11c5d1697aea8ee2b72f89bf4d10233f2a4f56d5d7905e6c36d17697,259,194,1.3351,1771.46,118.96,68.79,train
data/raw/car_damage_severity/data3a/training/02-moderate/0264.JPEG,0264.JPEG,moderate,1,004e6ed94334ee3d62ba7cca1024efb4dccf93f769f7f1c61b700c931249329a,194,259,0.749,1642.13,103.72,54.54,train
data/raw/car_damage_severity/data3a/training/02-moderate/0265.JPEG,0265.JPEG,moderate,1,443b0de5d33e80889505b0a32552d4e5978e82243f7ed466cc34926679a51e3e,270,187,1.4439,2517.49,104.93,50.84,train
data/raw/car_damage_severity/data3a/training/02-moderate/0266.JPEG,0266.JPEG,moderate,1,e27528e149ee7580fe78d4a814dbe00a3e953062a895927974ad2bdf1476aebc,275,183,1.5027,923.78,73.29,34.45,train
data/raw/car_damage_severity/data3a/training/02-moderate/0267.jpeg,0267.jpeg,moderate,1,67458b16147ca15de737bb81b170a41625a5c5deb38990795eef1133b14e68e5,259,194,1.3351,2687.98,114.11,54.97,train
data/raw/car_damage_severity/data3a/training/02-moderate/0268.JPEG,0268.JPEG,moderate,1,011add09a77843922c6c56a6ff092b7cefb4393496fe70c9579a04c69d9ee418,269,187,1.4385,6174.56,116.52,81.72,train
data/raw/car_damage_severity/data3a/training/02-moderate/0270.JPEG,0270.JPEG,moderate,1,bc4b5f6f31832b6f208d7d919680f3c493ebbcc473b0d966bd643a97f8c7b615,275,183,1.5027,3944.33,92.12,62.28,train
data/raw/car_damage_severity/data3a/training/02-moderate/0271.JPEG,0271.JPEG,moderate,1,d4fb0e3b594920a2bdc65097dfde4de3d3649e73877c6b506722d79b627f0e48,219,127,1.7244,3627.02,160.45,79.01,train
data/raw/car_damage_severity/data3a/training/02-moderate/0273.JPEG,0273.JPEG,moderate,1,2cc3f55ef2bdf2fdbdf1aaca44ed60470fa8c9b9c9d703fdb7fb230fa6e909bb,259,194,1.3351,2473.69,143.97,70.14,train
data/raw/car_damage_severity/data3a/training/02-moderate/0274.JPEG,0274.JPEG,moderate,1,f6394b110e7d21c5e68589316dfb16c4570af9b098b6822945e16e7a7a745ad7,279,125,2.232,2443.42,118.26,73.56,train
data/raw/car_damage_severity/data3a/training/02-moderate/0275.JPEG,0275.JPEG,moderate,1,540441166bc6c37f9605b167bc4e927656d618c3fc8b0b03c7f383936aafee76,259,194,1.3351,1425.97,73.24,54.87,train
data/raw/car_damage_severity/data3a/training/02-moderate/0277.JPEG,0277.JPEG,moderate,1,49275607fcb7d13f6a9d8240e6cb3d5b730dcc55be1bcf3c6dbffe4fe458c963,259,194,1.3351,2540.22,123.43,64.77,train
data/raw/car_damage_severity/data3a/training/02-moderate/0278.jpeg,0278.jpeg,moderate,1,110116347ed94a8f865a4a6b9a0b1cb05b78d9d5331aa9f41f089482fcd8ae03,260,194,1.3402,5173.79,118.18,74.21,train
data/raw/car_damage_severity/data3a/training/02-moderate/0279.JPEG,0279.JPEG,moderate,1,a49f9b3cb22c9671165f9e309cba141f53b4a771217613f65365b1417ae6578d,259,194,1.3351,2526.51,141.44,80.89,train
data/raw/car_damage_severity/data3a/training/02-moderate/0280.JPEG,0280.JPEG,moderate,1,a21079ff17942bc6b70f0fd52f731dd2c266552b8d6e97e43bcc65261e3d4364,299,168,1.7798,1957.94,109.53,55.2,train
data/raw/car_damage_severity/data3a/training/02-moderate/0281.JPEG,0281.JPEG,moderate,1,260ab1af264c588d80936340dee71778baf7e4348ae1cb142ef4af5d473006b2,299,168,1.7798,1369.64,116.47,77.78,train
data/raw/car_damage_severity/data3a/training/02-moderate/0282.JPEG,0282.JPEG,moderate,1,0343da29f6162ff43557c279725e695214535dea37756689636a76172cdc1d42,259,194,1.3351,1540.75,130.53,64.95,train
data/raw/car_damage_severity/data3a/training/02-moderate/0283.JPEG,0283.JPEG,moderate,1,eaf0ae88f79e7cd3a24587fa93776f4597970c90f6f7af2e558e5d7513aa744c,155,117,1.3248,5301.95,136.85,77.47,train
data/raw/car_damage_severity/data3a/training/02-moderate/0284.JPEG,0284.JPEG,moderate,1,f03e3ccbc7f7e432e66364df3a8de1c7b52d5c1b229968ff57b648b62da5a835,300,168,1.7857,1492.92,119.72,60.85,train
data/raw/car_damage_severity/data3a/training/02-moderate/0286.JPEG,0286.JPEG,moderate,1,bebd69193aa2a81392b1fb0fe6acc33eb6efac7cc2b5d03a1a637e5853113889,259,194,1.3351,2110.77,116.16,56.75,train
data/raw/car_damage_severity/data3a/training/02-moderate/0288.JPEG,0288.JPEG,moderate,1,936807874ded5180cb3e7c7d26db7a2d5c73c345db5ff83f83619490e9e31d96,250,108,2.3148,2930.47,46.7,42.76,train
data/raw/car_damage_severity/data3a/training/02-moderate/0289.JPEG,0289.JPEG,moderate,1,b41983e235585a793f5eec9675b415c01d916e537be737de65a5a55b0fe83ee4,259,194,1.3351,3115.47,119.49,64.2,train
data/raw/car_damage_severity/data3a/training/02-moderate/0290.JPEG,0290.JPEG,moderate,1,7a67bfa6fb2b4aa1af9c731b146797479a3c5e0d7699f2fe1ab2d237e0b4691a,300,168,1.7857,1720.14,89.53,65.58,train
data/raw/car_damage_severity/data3a/training/02-moderate/0292.JPEG,0292.JPEG,moderate,1,b2daecbc6a3747cedff244ee28a5b1a092e01550775bfbdcbe48ac090d3bc91d,259,194,1.3351,2057.82,139.42,61.09,train
data/raw/car_damage_severity/data3a/training/02-moderate/0293.JPEG,0293.JPEG,moderate,1,fe39a933af9da6b3acb250ea556532bcb11e1fc3bb0f75ad7cd6971704eb56d2,267,189,1.4127,1994.83,108.54,58.41,train
data/raw/car_damage_severity/data3a/training/02-moderate/0296.JPEG,0296.JPEG,moderate,1,25185075f2384b5c3b0fc215bfa2f7caaa899faec2d5424f0be4f2cee3f6037d,193,150,1.2867,5339.55,152.93,67.35,train
data/raw/car_damage_severity/data3a/training/02-moderate/0301.JPEG,0301.JPEG,moderate,1,d59561aab8a2860dfc74f6640dbe5102fd2d22c590ee8e9ecf1b84345fdeb17e,259,194,1.3351,3763.08,88.98,48.22,train
data/raw/car_damage_severity/data3a/training/02-moderate/0302.JPEG,0302.JPEG,moderate,1,1be5d1ebfee42b6305a498b923baf1f6d212a671ef838504c798bbb597c4f6f3,212,174,1.2184,3166.43,122.94,59.48,train
data/raw/car_damage_severity/data3a/training/02-moderate/0303.JPEG,0303.JPEG,moderate,1,7d859d9d9147874c7e6f735f430d7fd9a32be3bba391114573558fc8e73338a0,259,194,1.3351,1719.37,139.79,61.82,train
data/raw/car_damage_severity/data3a/training/02-moderate/0305.JPEG,0305.JPEG,moderate,1,0b8ce7fd63af476d04e51cae2efb13b065340abfeef063d6f9f2da6912452cdc,259,194,1.3351,1504.65,109.61,78.75,train
data/raw/car_damage_severity/data3a/training/02-moderate/0306.JPEG,0306.JPEG,moderate,1,32ff370840777b01df54c0fac9227f9289840dfe3e2792e29ea1bac11c721cbe,200,183,1.0929,2345.41,84.92,56.71,train
data/raw/car_damage_severity/data3a/training/02-moderate/0309.JPEG,0309.JPEG,moderate,1,1dd322e4894bf21a23b97a6318a937dc9272f76aebee2d3cf7dbaeb2b160352e,259,194,1.3351,3296.56,127.12,80.33,train
data/raw/car_damage_severity/data3a/training/02-moderate/0310.JPEG,0310.JPEG,moderate,1,19bde2bcea15d59f1307c9c631af45109880c9a47564e244dca8c89906d18e23,275,183,1.5027,1991.05,127.67,69.18,train
data/raw/car_damage_severity/data3a/training/02-moderate/0312.JPEG,0312.JPEG,moderate,1,f7010adfbf6826111789e078665416ebf23210c680a8a7fadf9a6b2c05fc79d6,259,194,1.3351,2897.54,139.5,77.21,train
data/raw/car_damage_severity/data3a/training/02-moderate/0313.JPEG,0313.JPEG,moderate,1,d016e0a662bf4229570f8f381f7817f4f9938b3486543616cb51e072fcbab29a,191,128,1.4922,1237.83,142.03,73.39,train
data/raw/car_damage_severity/data3a/training/02-moderate/0314.JPEG,0314.JPEG,moderate,1,afd7a740e9b1a4781be2cebf1075b36390263e09d810239d5938456a1a30e2ff,196,134,1.4627,2027.76,103.2,60.89,train
data/raw/car_damage_severity/data3a/training/02-moderate/0315.jpeg,0315.jpeg,moderate,1,64ceb1eb325223f1ce4f4c6cafb5b4c9001d901113c6434614e4de73f1dee23b,225,225,1.0,9535.57,92.54,74.97,train
data/raw/car_damage_severity/data3a/training/02-moderate/06069fefa2294ca9a4bd4e3c146ede53_thb.jpg,06069fefa2294ca9a4bd4e3c146ede53_thb.jpg,moderate,1,d0e7c80ea1c89ea971a1471a33525fa195a00ffaa28ab235c4793ee28bc575e1,144,108,1.3333,2846.99,111.25,57.27,train
data/raw/car_damage_severity/data3a/training/02-moderate/18d42df6c365413bb3e9d3c7a79fdf61_thb.jpg,18d42df6c365413bb3e9d3c7a79fdf61_thb.jpg,moderate,1,28f3afbbabdb0de03098754666e97a2454ed2eb895b603bf48eb287467844796,144,108,1.3333,3043.56,124.92,57.13,train
data/raw/car_damage_severity/data3a/training/02-moderate/1b8f18c3429f44d4a712f655443fc5ec_thb.jpg,1b8f18c3429f44d4a712f655443fc5ec_thb.jpg,moderate,1,d208b066e823e85da8e2be24a4da07a2ca72118062929901ad41ca925d076b0e,144,108,1.3333,3222.18,130.3,59.55,train
data/raw/car_damage_severity/data3a/training/02-moderate/1dbc1bd213e74c8598e6874de9b55c53_thb.jpg,1dbc1bd213e74c8598e6874de9b55c53_thb.jpg,moderate,1,3734ac17edea86d25d894c6487645b61526486948057f79f11cc5976a8cb7242,144,108,1.3333,2582.52,105.34,64.53,train
data/raw/car_damage_severity/data3a/training/02-moderate/2497b894c0514209a2310265d5946c9f_thb.jpg,2497b894c0514209a2310265d5946c9f_thb.jpg,moderate,1,d9938ce38a8efcbdc0ef0a07a09192e29d03642e28c7c489153f5503c509763a,144,108,1.3333,2533.67,130.12,57.5,train
data/raw/car_damage_severity/data3a/training/02-moderate/34b12abd905f4f8cb6385f45551cb994_thb.jpg,34b12abd905f4f8cb6385f45551cb994_thb.jpg,moderate,1,f720358a63028888c026a402132effddec3f7456561c28b5a11d6677117a6c05,144,108,1.3333,3119.8,117.63,62.81,train
data/raw/car_damage_severity/data3a/training/02-moderate/494249b9484e4704878d24027d565259_thb.jpg,494249b9484e4704878d24027d565259_thb.jpg,moderate,1,cefee6905ea81b86fe9bb07dd2279022504930d4c52ee3002731a6918c6c5f26,144,108,1.3333,3111.26,109.05,58.52,train
data/raw/car_damage_severity/data3a/training/02-moderate/563c8da63e1b4b4dbcc0fe6581b224a1_thb.jpg,563c8da63e1b4b4dbcc0fe6581b224a1_thb.jpg,moderate,1,1d2f22de96e140620090a30469661cf6f27228c88476611ad56ebe94c02b49e4,144,108,1.3333,3676.18,114.61,57.86,train
data/raw/car_damage_severity/data3a/training/02-moderate/722fc0bf-7493-4e6e-b101-67a0047b9b26.jpeg,722fc0bf-7493-4e6e-b101-67a0047b9b26.jpeg,moderate,1,8dea26d00c6f3fb50230af14d6ffa88079d49a47032d53b7afac15ea93f33ab4,96,72,1.3333,2050.46,112.19,71.12,train
data/raw/car_damage_severity/data3a/training/02-moderate/7a566f2a54cd4f228ec73698d19b6d42_thb.jpg,7a566f2a54cd4f228ec73698d19b6d42_thb.jpg,moderate,1,1d59ead249f63dc95b72a5bb19b0da3fb9d3f416c485af3d3bf356f8dfc5e5b8,144,108,1.3333,4210.83,108.88,62.63,train
data/raw/car_damage_severity/data3a/training/02-moderate/9b0e806d486540c0ad3d16ab567e044b_thb.jpg,9b0e806d486540c0ad3d16ab567e044b_thb.jpg,moderate,1,a45da2a959f1ad1a517b3c744e70714b927f5c810593ce5e326f6026c9b453ea,144,108,1.3333,2865.12,148.54,58.22,train
data/raw/car_damage_severity/data3a/training/02-moderate/a38b006aacb1497e8df20e103e3028d3_thb.jpg,a38b006aacb1497e8df20e103e3028d3_thb.jpg,moderate,1,52f24d253da8fc5a5ee858547bad52a1c93488d8ac99e299900fd2d72c2f53a0,144,108,1.3333,1022.18,98.7,72.66,train
data/raw/car_damage_severity/data3a/training/02-moderate/a93df47478d8427ebdae3c34fd99faa2_thb.jpg,a93df47478d8427ebdae3c34fd99faa2_thb.jpg,moderate,1,c4e07f518c056134aaaf32ab2a97ba28a75d2b448af97fc346a4bb4276ce9f55,144,108,1.3333,2791.09,101.31,55.34,train
data/raw/car_damage_severity/data3a/training/02-moderate/aa2538583c724e36b724554e9945e9f7_thb.jpg,aa2538583c724e36b724554e9945e9f7_thb.jpg,moderate,1,86a767fe1f24d26e497db269c0391676386ec6b07f0f22a3ee458cd83017f844,144,108,1.3333,2819.84,104.58,47.62,train
data/raw/car_damage_severity/data3a/training/02-moderate/acbea92ddc494768bd7117cecfe93400_thb.jpg,acbea92ddc494768bd7117cecfe93400_thb.jpg,moderate,1,e2c22d54dec61953c304e98eda16b524db18c0145992cad7e2c6629ac25d4a03,144,108,1.3333,2958.92,113.9,60.29,train
data/raw/car_damage_severity/data3a/training/02-moderate/dbd9de5e80a340c6a775a647ab32b27f_thb.jpg,dbd9de5e80a340c6a775a647ab32b27f_thb.jpg,moderate,1,0169185c23c2b11673419a5ee2efed30baad98e42030ebd1618dd2310398fd66,144,108,1.3333,1662.68,107.09,68.67,train
data/raw/car_damage_severity/data3a/training/02-moderate/download (10).jpeg,download (10).jpeg,moderate,1,280cb5e70f7363bf593107e1096e4635bb4abeb6e4ed10f288fbea29c04d3207,275,183,1.5027,3871.11,141.69,74.83,train
data/raw/car_damage_severity/data3a/training/02-moderate/download (11).jpeg,download (11).jpeg,moderate,1,ade0a78f9d2bb90a04ba75d721be321be599aa90624062ec475396b03e77e4fa,298,169,1.7633,1524.19,201.23,78.81,train
data/raw/car_damage_severity/data3a/training/02-moderate/download (20).jpeg,download (20).jpeg,moderate,1,71c3311a9fc182ba747a7ca4b34c2b028a36c610392bfe8844c4762b9f8beb62,285,177,1.6102,1784.94,112.07,59.44,train
data/raw/car_damage_severity/data3a/training/02-moderate/download (25).jpeg,download (25).jpeg,moderate,1,c0b246e7e7f288544aa8d1ae9cc44afae865113819e652a96b0f1f79a5b858bc,300,168,1.7857,3083.57,92.56,76.94,train
data/raw/car_damage_severity/data3a/training/02-moderate/download (3).jpeg,download (3).jpeg,moderate,1,fc3dce3519758b64236f8355d3f38c92ed6e34c637d03f01edfad54da94fdf5a,100,100,1.0,7761.89,110.07,59.24,train
data/raw/car_damage_severity/data3a/training/02-moderate/e4ee5ca6a91c45a583aec23c0e7f2b3e_thb.jpg,e4ee5ca6a91c45a583aec23c0e7f2b3e_thb.jpg,moderate,1,0378261404a43b3443ad3d1cdd945f23d91ba253f7db531e9a8279ae7ea7bc7c,144,108,1.3333,2623.9,114.11,55.81,train
data/raw/car_damage_severity/data3a/training/02-moderate/f80ae199fffc4d21b8d330152795ec8a_thb.jpg,f80ae199fffc4d21b8d330152795ec8a_thb.jpg,moderate,1,9e7da8e87cad13847e126ab897224cda28b03215d66839d734bde65eb223c675,144,108,1.3333,2810.07,99.8,59.38,train
data/raw/car_damage_severity/data3a/training/02-moderate/images (1).jpeg,images (1).jpeg,moderate,1,314ab3423ad4b97e9d18aa9728d3dbd0d07d4960db50665a584c23138f2ce97b,100,100,1.0,5941.88,112.37,73.22,train
data/raw/car_damage_severity/data3a/training/02-moderate/images (100).jpeg,images (100).jpeg,moderate,1,ca8e72c650753769a09cd21854304b75051239152dddd16c2f9b487e3d7e378e,262,192,1.3646,2446.79,83.0,71.54,train
data/raw/car_damage_severity/data3a/training/02-moderate/images (101).jpeg,images (101).jpeg,moderate,1,9426c305e330f921e0726a3b4b4d08a2bc598c3dfad7d0e7f7cc5387b839bd01,262,192,1.3646,2875.52,114.06,76.8,train
data/raw/car_damage_severity/data3a/training/02-moderate/images (102).jpeg,images (102).jpeg,moderate,1,3eb43ad60750656894f81d1380c9d2dbe6fb2aecabca5ec05a5ca047ad804ffa,259,194,1.3351,2396.33,128.82,65.9,train
data/raw/car_damage_severity/data3a/training/02-moderate/images (104).jpeg,images (104).jpeg,moderate,1,9404fef9075bb4faadafd64c0484fcec2816861770b3a330f18b314143743cd2,261,193,1.3523,1693.6,89.82,68.96,train
data/raw/car_damage_severity/data3a/training/02-moderate/images (105).jpeg,images (105).jpeg,moderate,1,905e31aca01d15a4f6825e3dc6cf087ef71c927f909b7485901ec1132595287c,253,199,1.2714,5911.48,185.39,75.52,train
data/raw/car_damage_severity/data3a/training/02-moderate/images (107).jpeg,images (107).jpeg,moderate,1,dcb1a2c3bdb905a606d6bb72b6a767f9f7f5cd8c2a8758e19f4e8a0b10e89ce7,259,194,1.3351,1384.95,74.72,63.03,train
data/raw/car_damage_severity/data3a/training/02-moderate/images (108).jpeg,images (108).jpeg,moderate,1,7b27a2ae06deba617cedc15d710ecab3a2787be89c7e396fdb1414dc261fd020,260,194,1.3402,4204.39,138.41,69.12,train
data/raw/car_damage_severity/data3a/training/02-moderate/images (109).jpeg,images (109).jpeg,moderate,1,75f1b728a1b3fe96e71bfd8e4d04c125a60886d60bf7ad1012ffdebdd563eed5,278,181,1.5359,2927.62,150.28,67.81,train
data/raw/car_damage_severity/data3a/training/02-moderate/images (110).jpeg,images (110).jpeg,moderate,1,1373c077ab3727910d611b52c7b5f1d5a9fc65d9848b9bf35f1e874251b4c718,275,183,1.5027,4931.44,128.33,86.9,train
data/raw/car_damage_severity/data3a/training/02-moderate/images (112).jpeg,images (112).jpeg,moderate,1,d8402c573a76d4919d2748b6a1942296fbe0868a166148cbe823bd1e5267ea44,259,195,1.3282,3257.36,117.44,55.23,train
data/raw/car_damage_severity/data3a/training/02-moderate/images (113).jpeg,images (113).jpeg,moderate,1,16c08721a0cb2750bce3d0ff0ded059379fa92b7308bfe2f11827f51720a859e,100,100,1.0,4166.54,130.81,70.35,train
data/raw/car_damage_severity/data3a/training/02-moderate/images (2).jpeg,images (2).jpeg,moderate,1,2ce7b2a43d841ca8e38e3bfc29d5be7e5446f88442900d3dae1fa7c7107fc38b,100,100,1.0,2104.45,85.68,47.83,train
data/raw/car_damage_severity/data3a/training/02-moderate/images (24).jpeg,images (24).jpeg,moderate,1,30ffab7bf2e085d22d4ac53e0450aa32702a36ad96296cdd2149118315631ee6,259,194,1.3351,4109.03,119.53,67.26,train
data/raw/car_damage_severity/data3a/training/02-moderate/images (25).jpeg,images (25).jpeg,moderate,1,a21fd21c522fdba73e28bec661dab0638c64e36eb70710966d80de142628d9cd,275,183,1.5027,2258.3,121.63,58.92,train
data/raw/car_damage_severity/data3a/training/02-moderate/images (26).jpeg,images (26).jpeg,moderate,1,eb3a5adf07d92a0d3bbe924f7baa36fd66e69d163d570ff1f2052442e1c68d5e,259,194,1.3351,1422.87,99.87,74.05,train
data/raw/car_damage_severity/data3a/training/02-moderate/images (28).jpeg,images (28).jpeg,moderate,1,089465ee2194f8041e737b12700ac921ed143696701805c1ecd55447f40d1e49,264,191,1.3822,2328.42,167.15,78.19,train
data/raw/car_damage_severity/data3a/training/02-moderate/images (29).jpeg,images (29).jpeg,moderate,1,8a9c9da6487693dd88c637e462f0864133907f52295b29bccadafb679beb09d4,275,183,1.5027,2867.38,127.45,65.56,train
data/raw/car_damage_severity/data3a/training/02-moderate/images (3).jpeg,images (3).jpeg,moderate,1,5107dc796c730527687703e3564cecef0e0b28b4648310f515ad7b21b98c0bea,259,194,1.3351,1461.55,144.58,77.84,train
data/raw/car_damage_severity/data3a/training/02-moderate/images (30).jpeg,images (30).jpeg,moderate,1,83454d086c020571860b1af0dc6553543625b37ec66065884129c528a7e519b8,259,194,1.3351,1438.28,118.96,79.46,train
data/raw/car_damage_severity/data3a/training/02-moderate/images (34).jpeg,images (34).jpeg,moderate,1,a766a43e4e9ebb357ae7833cdae6a298bb297dee007d3785a78b2e1a6e383eaf,275,183,1.5027,1950.63,100.03,68.18,train
data/raw/car_damage_severity/data3a/training/02-moderate/images (35).jpeg,images (35).jpeg,moderate,1,fa2da0d0ab12ad273e810db399570a68bb8aa3c2ba95cadb4fea120c38cafa9d,269,187,1.4385,3075.38,151.7,61.59,train
data/raw/car_damage_severity/data3a/training/02-moderate/images (37).jpeg,images (37).jpeg,moderate,1,ce5c9a0d368fb10dc9d6b77a32473d9ad237067f840ce131bbb9a0a4e17d7d31,100,100,1.0,1943.41,151.5,57.92,train
data/raw/car_damage_severity/data3a/training/02-moderate/images (39).jpeg,images (39).jpeg,moderate,1,5f985bae7f2369ae6819d65d32e3d669caed9956112497705ba0cd461fe8f8bb,259,194,1.3351,2283.07,89.67,65.46,train
data/raw/car_damage_severity/data3a/training/02-moderate/images (4).jpeg,images (4).jpeg,moderate,1,cdf19e3599b2c7e244d77dd59d386627b254d0ae9a7ab3cd30df8b2ad51d1e31,262,192,1.3646,3626.98,125.51,62.4,train
data/raw/car_damage_severity/data3a/training/02-moderate/images (41).jpeg,images (41).jpeg,moderate,1,0f4b9e2aafdadc7e1111c4883d80829c55bef05bdbe73f3e302ab1d2e6fe3e24,262,192,1.3646,4278.75,118.3,73.03,train
data/raw/car_damage_severity/data3a/training/02-moderate/images (44).jpeg,images (44).jpeg,moderate,1,d33e48ae1d73bea1d7c079dbd05b3a18df573ed96e445203f0286ce27102b605,275,183,1.5027,4588.64,172.92,68.28,train
data/raw/car_damage_severity/data3a/training/02-moderate/images (45).jpeg,images (45).jpeg,moderate,1,fd49fecf9e0fa1f84efdd554213bcad6c06193e1a34cb26e52920f62ae820c7a,259,194,1.3351,2477.69,103.05,48.19,train
data/raw/car_damage_severity/data3a/training/02-moderate/images (47).jpeg,images (47).jpeg,moderate,1,966de85ad24010526d7cadc5be707efd8b1129abc87000e2a3ed1a17d7d1a8cd,259,194,1.3351,2152.79,105.88,52.94,train
data/raw/car_damage_severity/data3a/training/02-moderate/images (49).jpeg,images (49).jpeg,moderate,1,14c5422c73ba2f8e08047474b63ec1e4008e21165dffd1cc8d506bad17983591,275,183,1.5027,2984.88,103.08,60.6,train
data/raw/car_damage_severity/data3a/training/02-moderate/images (50).jpeg,images (50).jpeg,moderate,1,ad0ea4485786a29a4a8c45fcc4f713057eddbeb213acb37c49d96e5101c4dbf8,100,100,1.0,374.7,162.48,48.46,train
data/raw/car_damage_severity/data3a/training/02-moderate/images (51).jpeg,images (51).jpeg,moderate,1,91a3bd503564c188b4a4e5ca93e98346dda79e517c94ac19e7071828e263daf8,284,177,1.6045,1750.45,122.04,86.56,train
data/raw/car_damage_severity/data3a/training/02-moderate/images (52).jpeg,images (52).jpeg,moderate,1,383d95b6e8fdea7a2fadb10e19b328e78132b438ec084820d452c9ee61ce61a2,248,203,1.2217,2550.01,134.98,66.71,train
data/raw/car_damage_severity/data3a/training/02-moderate/images (54).jpeg,images (54).jpeg,moderate,1,cc95d57bea26579baf693dcbc60b671c5ae9e7e8f150487b08551fcc0a9028ee,275,183,1.5027,1136.6,154.17,81.55,train
data/raw/car_damage_severity/data3a/training/02-moderate/images (55).jpeg,images (55).jpeg,moderate,1,3a93df18a3c56c97b63e39e33a8b30e2295739554e5d7f24931dd1dbdbf061ab,401,126,3.1825,1241.91,155.23,61.4,train
data/raw/car_damage_severity/data3a/training/02-moderate/images (58).jpeg,images (58).jpeg,moderate,1,3c40d10525e6c0643c1fdd409df28a3b42eaa1adc881561b455f013205cde29f,275,183,1.5027,671.74,78.93,39.21,train
data/raw/car_damage_severity/data3a/training/02-moderate/images (59).jpeg,images (59).jpeg,moderate,1,d1c62256fdac72700a85cec4c5d9e502abad580feea7f51747772853ce08dc96,299,169,1.7692,4432.92,100.55,54.13,train
data/raw/car_damage_severity/data3a/training/02-moderate/images (6).jpeg,images (6).jpeg,moderate,1,e0cd1ef3c3697a2e9865f140cd2ad102faac62ce4333e77c4c0f47d3a0d73310,100,100,1.0,3981.95,111.44,57.66,train
data/raw/car_damage_severity/data3a/training/02-moderate/images (60).jpeg,images (60).jpeg,moderate,1,93d673ea3197a1a3486042ecc937c8c5a5ef1e7320a05b8a7f5a2115440cb486,263,192,1.3698,2970.98,130.5,64.26,train
data/raw/car_damage_severity/data3a/training/02-moderate/images (61).jpeg,images (61).jpeg,moderate,1,2b6a83f2c091790fed72a6bb9872c0e1e566a0a199928adab34a423eef013fe8,259,194,1.3351,5520.31,118.86,67.91,train
data/raw/car_damage_severity/data3a/training/02-moderate/images (62).jpeg,images (62).jpeg,moderate,1,05c85facd2069ba8d0afecd5f49faa8ab0211268e725daa68b61a0e049e0c01e,300,168,1.7857,3848.49,142.97,53.97,train
data/raw/car_damage_severity/data3a/training/02-moderate/images (64).jpeg,images (64).jpeg,moderate,1,ec645a1d0a8bfb1fb1dce2bab84dafabedff16f9d5423b83a9cf1cfd24dff5df,262,192,1.3646,3266.07,100.12,77.51,train
data/raw/car_damage_severity/data3a/training/02-moderate/images (66).jpeg,images (66).jpeg,moderate,1,845c48d167512bb0290e55e91839121c9381f80adae997d4e3ea8af3343ab877,311,162,1.9198,713.35,143.76,85.14,train
data/raw/car_damage_severity/data3a/training/02-moderate/images (67).jpeg,images (67).jpeg,moderate,1,c571e5209a457bdd16f123d998454274d35c882ebbf148644dae04dd666d83f4,275,183,1.5027,656.33,63.22,58.77,train
data/raw/car_damage_severity/data3a/training/02-moderate/images (68).jpeg,images (68).jpeg,moderate,1,deb6d8a89b642336e9e0c08e6e38696dbf680af64f90e2e105c413bb04ded450,306,165,1.8545,2230.63,88.98,57.98,train
data/raw/car_damage_severity/data3a/training/02-moderate/images (7).jpeg,images (7).jpeg,moderate,1,c0f4fe216ddf5e18f111c4d8e4cf3b5fc475aa2de9a57758b7bbe28575afc99b,275,183,1.5027,4592.8,85.34,61.01,train
data/raw/car_damage_severity/data3a/training/02-moderate/images (70).jpeg,images (70).jpeg,moderate,1,f96971c491d46f9840650fee907d7943fe2da7bb7e9aec7800c13f886cced4e1,300,168,1.7857,1721.21,154.88,67.15,train
data/raw/car_damage_severity/data3a/training/02-moderate/images (71).jpeg,images (71).jpeg,moderate,1,3c21df61673658eba73e3834279cc81f59d578138b77933965c06b5afd611365,205,246,0.8333,4385.58,102.44,59.86,train
data/raw/car_damage_severity/data3a/training/02-moderate/images (72).jpeg,images (72).jpeg,moderate,1,a4bf9eada3315b611cb22577fd23a35d0d328d56d4add81c826b0dd33610f397,260,194,1.3402,3380.02,122.76,72.16,train
data/raw/car_damage_severity/data3a/training/02-moderate/images (74).jpeg,images (74).jpeg,moderate,1,16c33ddac92c1f1dbe062af06b2613dad20abcc01f141e4e6a2986d0435cd94a,275,183,1.5027,6276.24,125.63,81.77,train
data/raw/car_damage_severity/data3a/training/02-moderate/images (75).jpeg,images (75).jpeg,moderate,1,60219e7d174942d05e224560ce685f1a5b6def3a94324ed3dd7d5a7096e13f03,275,183,1.5027,7587.13,114.01,66.42,train
data/raw/car_damage_severity/data3a/training/02-moderate/images (78).jpeg,images (78).jpeg,moderate,1,e8e77d07bfe6c438b19906d8a93aad73064ee919c7d3efefc6ada58188dd007b,261,193,1.3523,2944.73,117.84,75.3,train
data/raw/car_damage_severity/data3a/training/02-moderate/images (80).jpeg,images (80).jpeg,moderate,1,f6feeb647820d58c012009ca6081fb9431c6880d34176597957aa60adac6e34b,300,168,1.7857,2170.02,57.79,47.59,train
data/raw/car_damage_severity/data3a/training/02-moderate/images (82).jpeg,images (82).jpeg,moderate,1,47306cafeabb00a8427dd6fbfa89777cbc7c5a3862440f2c0bc5c9df22a7aefa,173,280,0.6179,3870.03,145.25,90.0,train
data/raw/car_damage_severity/data3a/training/02-moderate/images (83).jpeg,images (83).jpeg,moderate,1,0e727f6d13b380c74170a15590f9254e98e8d902c3bff2008b27461d138c2583,259,194,1.3351,2035.88,143.42,56.22,train
data/raw/car_damage_severity/data3a/training/02-moderate/images (84).jpeg,images (84).jpeg,moderate,1,7ca53692403927a0f9b8e6110c29c4a197bd5ff332f15dcf9aee8963b77cacaa,300,168,1.7857,6039.21,105.61,49.76,train
data/raw/car_damage_severity/data3a/training/02-moderate/images (85).jpeg,images (85).jpeg,moderate,1,3c2eefdec44033acca9225f7c921ff23d21c14ad3e7b7f43f5186fdc054a44cb,100,100,1.0,2951.98,116.14,56.33,train
data/raw/car_damage_severity/data3a/training/02-moderate/images (86).jpeg,images (86).jpeg,moderate,1,e64ed427684958edb005c956d9072947e76578ae86ea169ffbe398fa319f1cd1,100,100,1.0,3540.1,138.47,72.81,train
data/raw/car_damage_severity/data3a/training/02-moderate/images (88).jpeg,images (88).jpeg,moderate,1,db3025bf93707a3f2372f5276df9482bd545b1fd6261faa09d02e1d43875543c,275,183,1.5027,1614.45,129.32,61.35,train
data/raw/car_damage_severity/data3a/training/02-moderate/images (9).jpeg,images (9).jpeg,moderate,1,1d932d549ecfd5ebf54c90d484c902d4acf1f1ca8109231696758f25172ae003,177,285,0.6211,2568.87,124.28,71.58,train
data/raw/car_damage_severity/data3a/training/02-moderate/images (90).jpeg,images (90).jpeg,moderate,1,092405528ab98850d9f3d86f1dbf2bbe78b66a84eb2066d58f0506981d35944f,294,171,1.7193,2535.05,208.23,78.31,train
data/raw/car_damage_severity/data3a/training/02-moderate/images (91).jpeg,images (91).jpeg,moderate,1,6dfd5645cb11a0e6b5014d6546fc18c8cb24a12db4c23f88231804b3c1182924,310,163,1.9018,2669.89,77.72,55.77,train
data/raw/car_damage_severity/data3a/training/02-moderate/images (92).jpeg,images (92).jpeg,moderate,1,4b59b8bbfe71e82c5acb17597915a9f5aea54e194d70fcef8b5ef888e2e3aa37,267,189,1.4127,3161.2,97.38,57.06,train
data/raw/car_damage_severity/data3a/training/02-moderate/images (93).jpeg,images (93).jpeg,moderate,1,eaf086421227719c3f2d5f983584abd3927709a12a0cd2def48659ebe73eac13,300,168,1.7857,3458.44,122.24,53.07,train
data/raw/car_damage_severity/data3a/training/02-moderate/images (94).jpeg,images (94).jpeg,moderate,1,18fb4b2216e313714a162daf2d0393f416dc798abdf97ea651c555bcb6c01c70,275,183,1.5027,1612.88,139.99,63.43,train
data/raw/car_damage_severity/data3a/training/02-moderate/images (96).jpeg,images (96).jpeg,moderate,1,94959db1e7f9453b316028840b47c2fe04b6c425120c7cace7dd33404bbb0abb,275,183,1.5027,3255.84,99.82,77.37,train
data/raw/car_damage_severity/data3a/training/02-moderate/images (97).jpeg,images (97).jpeg,moderate,1,4a802bb79134acaa31099def151b0f18767c7554713554fcada75c9191767407,341,148,2.3041,4545.22,111.18,63.21,train
data/raw/car_damage_severity/data3a/training/02-moderate/images (98).jpeg,images (98).jpeg,moderate,1,7272ec24f98415b8b0006db26de9eac851d22d83313ad7fc6d7527cf67a2b32d,302,167,1.8084,3609.65,129.73,83.21,train
data/raw/car_damage_severity/data3a/training/02-moderate/images (99).jpeg,images (99).jpeg,moderate,1,b0ab9e40e74e9dfed058aca0b37072e485fc79e5729a716eae1065e37cee0727,262,192,1.3646,5045.99,82.12,81.29,train
data/raw/car_damage_severity/data3a/training/02-moderate/images - 2022-12-12T151411.371.jpeg,images - 2022-12-12T151411.371.jpeg,moderate,1,a8744ea7df40dbf01ff88bba90b88175355034698c2702e0170a5e8569f5198b,300,168,1.7857,4204.11,117.1,55.18,train
data/raw/car_damage_severity/data3a/training/02-moderate/images - 2022-12-12T151411.576.jpeg,images - 2022-12-12T151411.576.jpeg,moderate,1,a26debff42abf971fcdc16902b1fd1ed9212bdd177fef992f3a0b2cb08836354,257,196,1.3112,4918.34,128.23,70.3,train
data/raw/car_damage_severity/data3a/training/02-moderate/images - 2022-12-12T151412.846.jpeg,images - 2022-12-12T151412.846.jpeg,moderate,1,0e2a83729bdb219865918d087b0fdb8a7030b6c080644c5c8969ce56976861ef,266,190,1.4,2566.25,98.84,67.45,train
data/raw/car_damage_severity/data3a/training/02-moderate/images - 2022-12-12T151412.931.jpeg,images - 2022-12-12T151412.931.jpeg,moderate,1,1582ef6fdf92daddd587409750b98f9e24b0d35dc4113d4ce88fe6fb750583b8,275,183,1.5027,4894.77,126.42,89.98,train
data/raw/car_damage_severity/data3a/training/02-moderate/images - 2022-12-12T151413.195.jpeg,images - 2022-12-12T151413.195.jpeg,moderate,1,52a29122e85d713fea136a1575afeee0c19ded1317004e415621e0e13d05a63c,332,152,2.1842,1246.93,140.23,63.62,train
data/raw/car_damage_severity/data3a/training/02-moderate/images - 2022-12-12T151413.301.jpeg,images - 2022-12-12T151413.301.jpeg,moderate,1,fee8a2bfc02997e38a358f1bcc8950f915a2f41dcb86807c2a5792d57e93baba,100,100,1.0,3465.25,100.12,64.53,train
data/raw/car_damage_severity/data3a/training/02-moderate/images - 2022-12-12T151414.507.jpeg,images - 2022-12-12T151414.507.jpeg,moderate,1,61c99c3f63cf810ebb83a74c2bfe36e14c27b93d066235cec234329b20c571be,100,100,1.0,1040.66,131.25,36.45,train
data/raw/car_damage_severity/data3a/training/02-moderate/images - 2022-12-12T151420.112.jpeg,images - 2022-12-12T151420.112.jpeg,moderate,1,4437d052138a94bf6d1524a6920a5af16306b8946ec9a8fea85ad66a59337c32,357,141,2.5319,3949.38,156.15,80.39,train
data/raw/car_damage_severity/data3a/training/02-moderate/images - 2022-12-12T151420.761.jpeg,images - 2022-12-12T151420.761.jpeg,moderate,1,a77be22faa0cdbb5bc6cc7e40febac78d8dd3a44c29b0741a2df1c48c76ae292,259,194,1.3351,927.21,109.86,69.2,train
data/raw/car_damage_severity/data3a/training/02-moderate/images - 2022-12-13T213955.098.jpeg,images - 2022-12-13T213955.098.jpeg,moderate,1,36edf7ca9f65be90ce27fad4f24155eb8bfed62db6d470866ca9bb15d24cc759,276,182,1.5165,2668.53,139.3,64.95,train
data/raw/car_damage_severity/data3a/training/02-moderate/images - 2022-12-13T215956.191.jpeg,images - 2022-12-13T215956.191.jpeg,moderate,1,76532a8f3c73e465b0de051dd1d6630ea5db69c853db41349139817456ead4d7,262,193,1.3575,3220.39,105.5,75.47,train
data/raw/car_damage_severity/data3a/training/03-severe/0001.JPEG,0001.JPEG,severe,2,3a34da033f1cfdba6f7e52bf8d7b55bf1ec5d3df187a5fe82778c9f3e21dac0b,310,163,1.9018,3312.6,107.48,69.27,train
data/raw/car_damage_severity/data3a/training/03-severe/0002.JPEG,0002.JPEG,severe,2,e2eabffc404d3304c69047199a560c58544c0851988bc874d1cbd930d2ff5ddc,168,299,0.5619,2210.07,90.07,65.76,train
data/raw/car_damage_severity/data3a/training/03-severe/0003.JPEG,0003.JPEG,severe,2,369ba7b03eac05553c3af4c01b7b3043c5840dc36b8bc79deb7fd0d3b21a7711,243,131,1.855,5474.64,95.89,59.63,train
data/raw/car_damage_severity/data3a/training/03-severe/0004.JPEG,0004.JPEG,severe,2,108caa2048f3de93b2db23e244a98809aa28a7429ea8b78d2cbd41d11954a661,194,259,0.749,2650.11,113.99,65.35,train
data/raw/car_damage_severity/data3a/training/03-severe/0005.JPEG,0005.JPEG,severe,2,861954eb443e42da05b7983da9a3bc8a856eccdfac7ff43bb7be05bc34a7d5fb,241,108,2.2315,5679.69,106.89,70.61,train
data/raw/car_damage_severity/data3a/training/03-severe/0006.JPEG,0006.JPEG,severe,2,507b93f10e063ada4bbf26d2c9e3b9d888827361eea02eeefefea810353df81f,252,130,1.9385,7090.2,124.6,65.79,train
data/raw/car_damage_severity/data3a/training/03-severe/0007.JPEG,0007.JPEG,severe,2,6a73381f74bddd9c5aa6cc0e97557e45846bd4d8115cb2a02dfa76a6cb782bee,266,189,1.4074,3338.37,136.76,69.11,train
data/raw/car_damage_severity/data3a/training/03-severe/0008.JPEG,0008.JPEG,severe,2,72c73ff7aabb963a231ce325a7ef21c443c527cd389d57bf1120211030c9b20e,266,190,1.4,2988.59,140.15,61.36,train
data/raw/car_damage_severity/data3a/training/03-severe/0009.JPEG,0009.JPEG,severe,2,6a5b04c41df66b763c6685fbbed4e1c2188fd4ebe324f41b988556bcf6f255a9,259,195,1.3282,1972.99,130.96,67.72,train
data/raw/car_damage_severity/data3a/training/03-severe/0012.JPEG,0012.JPEG,severe,2,3925ffd58885c6327c959c381a2573bcdfc58dc928ca1a3f32888a82b78356cf,266,190,1.4,2959.3,153.28,64.03,train
data/raw/car_damage_severity/data3a/training/03-severe/0013.JPEG,0013.JPEG,severe,2,48cf3738b5c9f9ae6fcab8498ebc863d940b0199d04b71f006fba1e63fb02b4b,210,80,2.625,1441.98,72.57,34.83,train
data/raw/car_damage_severity/data3a/training/03-severe/0014.JPEG,0014.JPEG,severe,2,7a457689754c5c5dff5414f2e3488b533c8918efc127ec461b279dd45719b154,258,196,1.3163,3633.5,92.0,58.49,train
data/raw/car_damage_severity/data3a/training/03-severe/0015.JPEG,0015.JPEG,severe,2,a77af456dbd45c4ee0963aafeea27abd11e98af5fc9f87313943d161acb0b2c9,171,96,1.7812,6402.82,110.05,57.67,train
data/raw/car_damage_severity/data3a/training/03-severe/0016.JPEG,0016.JPEG,severe,2,c4660dcc98f4b3fc17bf7d95447109f9249bd2a3007a6b91b6735a294a9032d0,179,106,1.6887,3655.9,91.11,59.95,train
data/raw/car_damage_severity/data3a/training/03-severe/0017.JPEG,0017.JPEG,severe,2,63a581dd0e0e97d1fa7bb8d79ade3c6c8ac8afc53328e809f468de97bafa431a,218,139,1.5683,4705.17,90.86,67.93,train
data/raw/car_damage_severity/data3a/training/03-severe/0019.JPEG,0019.JPEG,severe,2,3066c8cd23ab05866a2c08ac6ef4784ce9ea72e95cb8ed172e5d192d8f13d546,290,173,1.6763,3417.98,74.88,71.12,train
data/raw/car_damage_severity/data3a/training/03-severe/0020.JPEG,0020.JPEG,severe,2,311a83200f3bb1fbb9d4c01b3ec71ee9f99dad6027f5c79e47cbb2c37caad4d3,294,171,1.7193,1591.28,87.54,69.29,train
data/raw/car_damage_severity/data3a/training/03-severe/0021.JPEG,0021.JPEG,severe,2,42e2a5bd4d24bdd60430cee0e81f59ba14855dc4b6d10d5569e93d32d080021e,259,194,1.3351,3155.02,110.92,60.47,train
data/raw/car_damage_severity/data3a/training/03-severe/0022.JPEG,0022.JPEG,severe,2,c68b454a815458733362403ab8bd8c7b6bab97ae5ff9dc4befea2e846c7b95df,186,103,1.8058,3565.54,87.91,51.24,train
data/raw/car_damage_severity/data3a/training/03-severe/0024.JPEG,0024.JPEG,severe,2,69827f42c144647b4d02c21e9e57596b25595343c7e7d8f81108a1606d38a8a1,259,194,1.3351,3061.46,119.03,57.69,train
data/raw/car_damage_severity/data3a/training/03-severe/0025.JPEG,0025.JPEG,severe,2,af35a86c75a716681f98c1680cb37d310018729d4843fd9da6fa1a4d40ee1c35,260,194,1.3402,2109.72,106.5,63.79,train
data/raw/car_damage_severity/data3a/training/03-severe/0026.JPEG,0026.JPEG,severe,2,49c8cb14ec8672a721e98f31579b9e5b14ae326d346f65be23e63e9e212cd45c,260,107,2.4299,2177.47,112.04,52.59,train
data/raw/car_damage_severity/data3a/training/03-severe/0027.JPEG,0027.JPEG,severe,2,91d832f9478be87c16e6670c5cde20cedd6cb14d05dea63bd17b3846b448c9b8,278,182,1.5275,4291.72,125.66,65.91,train
data/raw/car_damage_severity/data3a/training/03-severe/0028.JPEG,0028.JPEG,severe,2,2cd874dadab3fd51a922848d39186957020f08893db563e54a0756227aee2bd8,259,194,1.3351,3218.76,140.89,78.48,train
data/raw/car_damage_severity/data3a/training/03-severe/0029.JPEG,0029.JPEG,severe,2,a3c936af76440e2c0daaeb89219bddd60a6130743300642ea0929b33cf454b34,207,180,1.15,1770.11,71.52,57.77,train
data/raw/car_damage_severity/data3a/training/03-severe/0031.JPEG,0031.JPEG,severe,2,9aafa94d3b663a66e7d32b906e89494d504675c2183c9fc24a542fd8af76ce8a,275,183,1.5027,2318.94,90.71,70.83,train
data/raw/car_damage_severity/data3a/training/03-severe/0032.jpeg,0032.jpeg,severe,2,52a5e66510f45a1478e917a8eba0045c0e7447d842d1f8702c2af6c258c57910,173,291,0.5945,2546.59,116.94,61.85,train
data/raw/car_damage_severity/data3a/training/03-severe/0034.JPEG,0034.JPEG,severe,2,41411f955e40de7f205fa5d2e928e1eb3e33f398e0e448e8bf59ba7c26825d27,259,194,1.3351,11412.62,125.77,70.4,train
data/raw/car_damage_severity/data3a/training/03-severe/0035.JPEG,0035.JPEG,severe,2,cfe4714b7de11f7dffe8411a5445b5833144958704b2560ad9d1ee1cce964d61,179,281,0.637,3478.16,98.53,61.28,train
data/raw/car_damage_severity/data3a/training/03-severe/0037.JPEG,0037.JPEG,severe,2,17099d18fd3820259d9f43341ad13b4cb053a34a0cec43dfb82f9268de065f1f,208,124,1.6774,4909.39,100.5,66.0,train
data/raw/car_damage_severity/data3a/training/03-severe/0038.JPEG,0038.JPEG,severe,2,d222b8c94678e3af7635b7044b243b065cc87267e6eb9fef382f80315bee5780,163,113,1.4425,3713.7,110.8,63.49,train
data/raw/car_damage_severity/data3a/training/03-severe/0039.JPEG,0039.JPEG,severe,2,f7fdc5021195b0378f446a16136cfdfb59c41ceb01b8c25231f354bdab321434,275,183,1.5027,3726.85,131.11,76.5,train
data/raw/car_damage_severity/data3a/training/03-severe/0040.JPEG,0040.JPEG,severe,2,8af1a832a78fd63f7e003a0782e6f429a5790a7e56915d387865a3c0293902fa,259,194,1.3351,2820.39,112.11,80.48,train
data/raw/car_damage_severity/data3a/training/03-severe/0041.JPEG,0041.JPEG,severe,2,e918fb8e9d4ee96e31ce23c95835a24cbf5f8418972eb8fe2401158a7a31724b,259,194,1.3351,4703.48,120.24,64.82,train
data/raw/car_damage_severity/data3a/training/03-severe/0042.JPEG,0042.JPEG,severe,2,8a8c6dc4c7f64975453f53a8c41c766b5fdc57bcf179bdd2d40f1542083226b7,216,129,1.6744,4943.86,99.03,65.78,train
data/raw/car_damage_severity/data3a/training/03-severe/0044.JPEG,0044.JPEG,severe,2,eb21c840722673a0d416bfe2b8ceff91eb5a861bdcc33ef715c287a926b9424b,200,164,1.2195,4010.03,92.09,70.19,train
data/raw/car_damage_severity/data3a/training/03-severe/0045.JPEG,0045.JPEG,severe,2,07d5b503928a4b05fdbaba5b8b449dc04007dd36127b14259ffad2e674b258b8,277,182,1.522,4086.1,139.58,69.11,train
data/raw/car_damage_severity/data3a/training/03-severe/0047.JPEG,0047.JPEG,severe,2,985a98c82150fb96e7a3963ed7de12328fc392e3bc4527108e2cee8687f436ab,197,183,1.0765,2653.08,101.68,62.35,train
data/raw/car_damage_severity/data3a/training/03-severe/0048.JPEG,0048.JPEG,severe,2,69fd845da9ed170096640998e03cbf3811c1d13a182a7882edd95d0c7786e1ca,259,194,1.3351,4769.19,131.45,64.25,train
data/raw/car_damage_severity/data3a/training/03-severe/0051.JPEG,0051.JPEG,severe,2,b0513bac79147f99d903691bc0a0e42c4f50cda546ebb8e739eec773dc2a21fc,300,168,1.7857,1674.35,106.81,73.3,train
data/raw/car_damage_severity/data3a/training/03-severe/0052.JPEG,0052.JPEG,severe,2,065c7d3aec3b06f2028add27c129728269342cdb69ce96a030ac86a05b67f9f8,259,194,1.3351,1445.66,90.46,70.47,train
data/raw/car_damage_severity/data3a/training/03-severe/0056.JPEG,0056.JPEG,severe,2,060d5983d288d38d833e46edd7e8d4188cfaa8fc92c6d60df37cae5f61577b63,194,259,0.749,1213.03,102.19,45.28,train
data/raw/car_damage_severity/data3a/training/03-severe/0060.JPEG,0060.JPEG,severe,2,c10f0154edfbafadcf0b8f679547b8d3cafa45599586eb16ba6024acc855136c,225,225,1.0,2356.45,144.27,71.4,train
data/raw/car_damage_severity/data3a/training/03-severe/0063.JPEG,0063.JPEG,severe,2,974a391736505db114f563f80c0278e25a0fb0618cb3809b4fc077c0ae583f7c,276,183,1.5082,6138.89,92.69,69.67,train
data/raw/car_damage_severity/data3a/training/03-severe/0064.JPEG,0064.JPEG,severe,2,813f2312298de4c7923daa2734c4b3aa6c9a56b0bc9fee9ceeabcacf623c5e3a,269,188,1.4309,3531.12,105.28,65.02,train
data/raw/car_damage_severity/data3a/training/03-severe/0065.JPEG,0065.JPEG,severe,2,c6b7363a74fd45c174c45a4f3548b4e92ac155fb59bd179899c7c1ebf6397f5c,259,194,1.3351,2560.41,105.74,63.91,train
data/raw/car_damage_severity/data3a/training/03-severe/0068.JPEG,0068.JPEG,severe,2,4e05a875bec1cc201799b7c8b3605ef8836b6464b1a54e4b1429310752e72b8d,269,188,1.4309,5413.66,128.6,71.83,train
data/raw/car_damage_severity/data3a/training/03-severe/0069.JPEG,0069.JPEG,severe,2,d9dcf5ca3ce5698a6caeb4f5c427b30d23b63712f56bd56eed0050b24051e32d,111,111,1.0,10370.64,128.04,79.58,train
data/raw/car_damage_severity/data3a/training/03-severe/0071.JPEG,0071.JPEG,severe,2,90905dcaf126823e4fe231e07f750a91d33ac2834b61a976483dd180641ce8d5,263,192,1.3698,3384.55,186.26,87.15,train
data/raw/car_damage_severity/data3a/training/03-severe/0072.JPEG,0072.JPEG,severe,2,0808fb4dfad7d728a85325b0cd5a74cd419edf19576891f715ca2b28a009dec6,259,194,1.3351,3519.56,115.81,67.33,train
data/raw/car_damage_severity/data3a/training/03-severe/0073.JPEG,0073.JPEG,severe,2,19e664ae047fda7f86b816a70497af28e836f3139625bdea43d5e5617e6e1617,269,187,1.4385,3433.29,141.96,89.55,train
data/raw/car_damage_severity/data3a/training/03-severe/0074.JPEG,0074.JPEG,severe,2,e5703f8db4ba3523fe82f41c86172d35fc4e45054cdee9bb83f7e839f1f5a250,259,194,1.3351,18546.19,104.61,69.78,train
data/raw/car_damage_severity/data3a/training/03-severe/0075.JPEG,0075.JPEG,severe,2,3131bcc332edf2996415796ca91ae812a6ecd04540ac5d7e8fa7cda652d7186e,291,173,1.6821,2319.83,90.21,62.87,train
data/raw/car_damage_severity/data3a/training/03-severe/0076.JPEG,0076.JPEG,severe,2,08ed798ae4029a376a4f16a3d182aca39ab439c3c895f1d5ba8970878fb5cd84,201,179,1.1229,3636.24,113.02,78.55,train
data/raw/car_damage_severity/data3a/training/03-severe/0077.JPEG,0077.JPEG,severe,2,e41ada83042d643fc0b5885343445bd89e6c32fd7da84ee90e817baafc3e6324,275,183,1.5027,2857.38,125.98,57.94,train
data/raw/car_damage_severity/data3a/training/03-severe/0079.JPEG,0079.JPEG,severe,2,df2951d5b2b4a366d6ac0eea5ab0f75a1346cc92baab5c4289e9665e570b5632,261,193,1.3523,3112.36,98.89,57.99,train
data/raw/car_damage_severity/data3a/training/03-severe/0081.JPEG,0081.JPEG,severe,2,eda9ff8a47c6f8d995d155e636b9fbbffabc65881089f7b11679196b47e86346,275,183,1.5027,3818.7,75.81,61.36,train
data/raw/car_damage_severity/data3a/training/03-severe/0082.JPEG,0082.JPEG,severe,2,653cd8e0ea7107a2ffd5016dbd4683bec3157a686040633dc14dcc03a2625110,248,110,2.2545,3027.13,91.93,55.32,train
data/raw/car_damage_severity/data3a/training/03-severe/0083.JPEG,0083.JPEG,severe,2,db800ca3a8adf5f4c6a87db2663e45af9135327bca0d9ec2d7724bbb5e95e088,259,194,1.3351,6268.04,118.15,69.01,train
data/raw/car_damage_severity/data3a/training/03-severe/0084.JPEG,0084.JPEG,severe,2,97b927fe49d45376f677e4efef2b7b4e01bd7b5a05ffd363f040c43a2e3c5b61,259,194,1.3351,1588.85,102.74,49.54,train
data/raw/car_damage_severity/data3a/training/03-severe/0087.JPEG,0087.JPEG,severe,2,742eb333e0176262867f837593fdd71abdfef8d3262ae2afede482a13ec4a404,170,136,1.25,1172.07,53.86,39.46,train
data/raw/car_damage_severity/data3a/training/03-severe/0088.JPEG,0088.JPEG,severe,2,b5da2975859f5487b2aab51a90ffb232c3f8cb84d003b74980ef3b0bd5de9c10,259,194,1.3351,4989.87,117.26,61.6,train
data/raw/car_damage_severity/data3a/training/03-severe/0089.JPEG,0089.JPEG,severe,2,cf3873984eedd58204e075d05cfed94a60b392b6ed2e5a9fa71fa4ff8d77974c,300,168,1.7857,1511.65,120.66,62.02,train
data/raw/car_damage_severity/data3a/training/03-severe/0091.JPEG,0091.JPEG,severe,2,7fb51db240937258ff511397f796a9cc7966ce9b504a6ae02987cf410f62ce9e,158,128,1.2344,5381.7,110.94,64.36,train
data/raw/car_damage_severity/data3a/training/03-severe/0092.JPEG,0092.JPEG,severe,2,87e10c23bac1b35733563fb35aa340cfc1b70b9f87a5964aa2a6f7ceb88a0b80,260,194,1.3402,4622.14,92.16,78.38,train
data/raw/car_damage_severity/data3a/training/03-severe/0093.JPEG,0093.JPEG,severe,2,f6e29b5cbdaac282b7de43a37545ee56459bf6f446a6b9738a5de09fca40b098,259,194,1.3351,3359.5,130.41,73.76,train
data/raw/car_damage_severity/data3a/training/03-severe/0094.JPEG,0094.JPEG,severe,2,7a1acae8c239b4436483e98f662b4b8f09c4330620a31fb32aaf5ae4121a5a61,259,194,1.3351,2644.55,120.98,72.51,train
data/raw/car_damage_severity/data3a/training/03-severe/0097.JPEG,0097.JPEG,severe,2,f749869752fab964113563bcb5bd245bff756abd52128d039309eaaae7f704f3,180,107,1.6822,6783.53,116.37,67.4,train
data/raw/car_damage_severity/data3a/training/03-severe/0098.JPEG,0098.JPEG,severe,2,9eacaaa02c8d53a5ebe8a1ef9ce5dffb4bfc9434cd83ef449c217f91de3b86f4,251,201,1.2488,4391.73,133.08,60.07,train
data/raw/car_damage_severity/data3a/training/03-severe/0099.JPEG,0099.JPEG,severe,2,3c0fda36f2799b9e90b9d374dbc4b0faea8d3d1a95b09ad9d0e64051a7dbe3f6,300,168,1.7857,3511.04,101.97,63.7,train
data/raw/car_damage_severity/data3a/training/03-severe/0101.JPEG,0101.JPEG,severe,2,1419cc2c35d71c0d898a7ee80bec8508fa0db68bc3aeb6e550e250cf22b4ba5d,180,166,1.0843,3430.83,129.15,65.29,train
data/raw/car_damage_severity/data3a/training/03-severe/0103.JPEG,0103.JPEG,severe,2,86cc5e4332e6fca7a213a43a0da882dc3bd7deb41137c85879ee202fbab833d4,259,194,1.3351,4422.1,116.12,70.17,train
data/raw/car_damage_severity/data3a/training/03-severe/0104.JPEG,0104.JPEG,severe,2,907db7f046b82c248448eba26050c84488740af72b0008972e232be879dda8ec,172,144,1.1944,952.41,72.1,47.86,train
data/raw/car_damage_severity/data3a/training/03-severe/0105.JPEG,0105.JPEG,severe,2,08f87e50f2a26e0618fe806a9d5c2ffe5cdca1b0a58fa2660bd516e6509554d4,275,183,1.5027,1115.33,164.39,59.07,train
data/raw/car_damage_severity/data3a/training/03-severe/0106.JPEG,0106.JPEG,severe,2,4abc3df11619c536005cd50d26578ce7434eb90b9e6abd47eedcd4f95f47156c,194,259,0.749,10464.35,115.82,73.89,train
data/raw/car_damage_severity/data3a/training/03-severe/0107.JPEG,0107.JPEG,severe,2,f1e1467989bac3373dadfcc6db63874d9af12887384353d9596057f85931efe7,389,129,3.0155,3091.08,144.16,58.66,train
data/raw/car_damage_severity/data3a/training/03-severe/0109.JPEG,0109.JPEG,severe,2,1c79ebad5c1ac4993abfa24a3d2b190deeb632d7495055258937cbc9cfe8f7a8,276,183,1.5082,7089.91,101.36,60.91,train
data/raw/car_damage_severity/data3a/training/03-severe/0111.JPEG,0111.JPEG,severe,2,4cddf8b0e2e15283ec43f2156fd0078b3e2d894f53f3604ce12e968b1122e7d7,198,143,1.3846,2309.18,128.77,57.09,train
data/raw/car_damage_severity/data3a/training/03-severe/0112.JPEG,0112.JPEG,severe,2,ea3bf2f4747254fdfd4defca62ffade23a4e8d35eb5d6472fa04022a40078be4,199,170,1.1706,3586.21,135.15,67.44,train
data/raw/car_damage_severity/data3a/training/03-severe/0113.JPEG,0113.JPEG,severe,2,4356086a0c61c0ff814a67bf81d7d0a7c4d35c154c6b8bb1a3226ba922beffbe,200,164,1.2195,3040.83,102.29,55.36,train
data/raw/car_damage_severity/data3a/training/03-severe/0115.JPEG,0115.JPEG,severe,2,26616b32ef4529928ac1a7b31d1ed34f966b32fabbcd7e370b3e97867d68bb1e,167,107,1.5607,8747.58,134.79,88.01,train
data/raw/car_damage_severity/data3a/training/03-severe/0116.JPEG,0116.JPEG,severe,2,607180739474bc5d7a4782d8bad4610c29b4f8c6bcd740df7e8f2dd60f627801,260,194,1.3402,3276.87,107.29,66.63,train
data/raw/car_damage_severity/data3a/training/03-severe/0117.JPEG,0117.JPEG,severe,2,f0dc7281b5d1cdb6ae405addc080fb3cf068272731886b7b8c97451bbf850de3,194,196,0.9898,13137.36,102.92,57.97,train
data/raw/car_damage_severity/data3a/training/03-severe/0118.JPEG,0118.JPEG,severe,2,a23e0966a47416cf903933e4a8c97877bc5201a95095323b5579121a827c716f,259,194,1.3351,6446.57,118.12,70.12,train
data/raw/car_damage_severity/data3a/training/03-severe/0119.JPEG,0119.JPEG,severe,2,f81ede1cb58c67892f48ff218e244554c8ef4a2469f72f97344b6dc1969f4e36,158,134,1.1791,6769.06,107.54,47.61,train
data/raw/car_damage_severity/data3a/training/03-severe/0120.JPEG,0120.JPEG,severe,2,0511895c1cdc4ff54841a1d13ddce70b05658276ee35d643cb74398972a5aa24,300,168,1.7857,2890.95,99.9,54.35,train
data/raw/car_damage_severity/data3a/training/03-severe/0121.JPEG,0121.JPEG,severe,2,54282ba406ee4eaddfa56f30ef662d5c5544891d80b7564167a2b8448ff7b168,259,194,1.3351,2870.97,104.54,64.41,train
data/raw/car_damage_severity/data3a/training/03-severe/0122.JPEG,0122.JPEG,severe,2,c409a059cf56e963546a62f04ecb3a3a8e0c30c515ef05cc2fe0e6604775c3dc,259,194,1.3351,3162.9,134.02,47.47,train
data/raw/car_damage_severity/data3a/training/03-severe/0125.JPEG,0125.JPEG,severe,2,c0aa4c3ac7769130104c1321fb13b58a859229d58b1a8424f11b53d9de1a99b6,176,131,1.3435,5699.39,106.28,68.5,train
data/raw/car_damage_severity/data3a/training/03-severe/0126.JPEG,0126.JPEG,severe,2,d8f1494910a85e4cd98c6dc55a5111af98dcd43279c040af6837f6193ad4c206,300,168,1.7857,2363.47,114.31,54.32,train
data/raw/car_damage_severity/data3a/training/03-severe/0128.JPEG,0128.JPEG,severe,2,ed9d6f124dcc4a24a13bce488952b041513e642d64407eb6e8bf2b1bd22c5146,259,194,1.3351,847.18,123.93,76.48,train
data/raw/car_damage_severity/data3a/training/03-severe/0129.JPEG,0129.JPEG,severe,2,5025a858f587328b705255ec2702e15af94bf722fc322f24035f9d517446f5b0,225,225,1.0,1690.83,122.9,68.17,train
data/raw/car_damage_severity/data3a/training/03-severe/0130.JPEG,0130.JPEG,severe,2,512ad6c26e0d091b27f0d3dc4799fc803c17f30b3b820325109276f189637bda,264,191,1.3822,4135.13,61.63,56.17,train
data/raw/car_damage_severity/data3a/training/03-severe/0131.JPEG,0131.JPEG,severe,2,5d712a31a6fc3892b4fb0d905a75bc674e4bbaa4e51a0d56991be38c0b080dc8,269,188,1.4309,4248.37,129.97,74.19,train
data/raw/car_damage_severity/data3a/training/03-severe/0133.JPEG,0133.JPEG,severe,2,32f790c97b81b0081714a6ac113b0015845e11e1cae5ac16d4f3d28a33395c1a,290,173,1.6763,2410.85,106.66,60.01,train
data/raw/car_damage_severity/data3a/training/03-severe/0134.JPEG,0134.JPEG,severe,2,d88e149c0bed7789b2acc87a834bb75224fde99246cb31b3369e76d027a07703,299,168,1.7798,2202.32,68.15,63.66,train
data/raw/car_damage_severity/data3a/training/03-severe/0135.JPEG,0135.JPEG,severe,2,cc05834ba5d215b879abc1c284bb1dabc6d8b8011b7865f27d8e82be2b5360b4,210,92,2.2826,4638.52,106.32,66.84,train
data/raw/car_damage_severity/data3a/training/03-severe/0138.JPEG,0138.JPEG,severe,2,fd73a11405fd106295f36484a9b4a92fdbf7ba9f7beb80d9e88c1a303e0797d2,266,190,1.4,3374.4,101.18,69.09,train
data/raw/car_damage_severity/data3a/training/03-severe/0139.JPEG,0139.JPEG,severe,2,972091ef53f0ce21641d3e59f31808646c12d7132cecbf4df849d6c076b070c8,259,194,1.3351,2788.91,102.68,62.17,train
data/raw/car_damage_severity/data3a/training/03-severe/0141.JPEG,0141.JPEG,severe,2,20dca0b4a88dee80ef69a53d4507173c6dc41ac790623a0fb5d63db399ee3b39,259,194,1.3351,3340.5,96.47,61.4,train
data/raw/car_damage_severity/data3a/training/03-severe/0142.JPEG,0142.JPEG,severe,2,63f3edd2792c35f71ac01a00d2877314800242ef7dc00e0e153a4b5dd6cbd8b0,275,183,1.5027,5548.36,116.2,62.55,train
data/raw/car_damage_severity/data3a/training/03-severe/0143.JPEG,0143.JPEG,severe,2,025beaf8e720fe6b3cfaee009fc5ee6ddb507dc4f32ddc4d5610e1810339660d,259,194,1.3351,3102.16,140.74,52.61,train
data/raw/car_damage_severity/data3a/training/03-severe/0144.JPEG,0144.JPEG,severe,2,428e43da6ea395d7d3eac98255e1a24df6371c8da3479eb3c773414669ccd9ce,259,194,1.3351,2327.29,102.98,58.2,train
data/raw/car_damage_severity/data3a/training/03-severe/0145.JPEG,0145.JPEG,severe,2,4387224292f42138aa138ea324e845cdca529288cdb4bbf9e21b90a2a6730bc3,299,168,1.7798,1753.73,112.28,66.06,train
data/raw/car_damage_severity/data3a/training/03-severe/0146.JPEG,0146.JPEG,severe,2,5b7ac53741f1ab0e660cc787b89640b4cfa276dcf377f2375edf7f8164228955,195,104,1.875,5485.38,103.48,64.84,train
data/raw/car_damage_severity/data3a/training/03-severe/0147.JPEG,0147.JPEG,severe,2,958ec58816dc82b88f8e91ee0d1e722464dc533bdf4d11eb8bafd0b0e74cd789,201,138,1.4565,5096.82,116.87,68.73,train
data/raw/car_damage_severity/data3a/training/03-severe/0149.jpeg,0149.jpeg,severe,2,41b17e2e3b817e3db24652384a2f52327c8a1cf7f10a42577d0d6a5b09f2aa79,216,233,0.927,2394.66,108.17,75.34,train
data/raw/car_damage_severity/data3a/training/03-severe/0150.JPEG,0150.JPEG,severe,2,adf9fd9650d7ae11f682dc6c17f6aa0713e63272b32aa06d5234346044ed306c,259,194,1.3351,2702.72,105.15,67.54,train
data/raw/car_damage_severity/data3a/training/03-severe/0151.JPEG,0151.JPEG,severe,2,371e82fe6fbbf74e85a76608b7f63495da86edbc5d582fa32cd27e781fc94768,268,188,1.4255,5723.88,106.01,78.95,train
data/raw/car_damage_severity/data3a/training/03-severe/0152.JPEG,0152.JPEG,severe,2,e15062df91169cbc29432fbbdcb192cc6ed99b911e289c166551c89859f8ebfd,259,194,1.3351,4373.17,93.72,68.77,train
data/raw/car_damage_severity/data3a/training/03-severe/0153.JPEG,0153.JPEG,severe,2,569c3e05c6612fa4f4947465fdd1612c6974b71e367ea1caa5555c2489f8af91,275,183,1.5027,1731.08,93.36,69.06,train
data/raw/car_damage_severity/data3a/training/03-severe/0155.JPEG,0155.JPEG,severe,2,db2c76647612702913e60ce345486d63580693395cf940211fb515f97fd79c60,259,194,1.3351,2822.96,141.06,87.62,train
data/raw/car_damage_severity/data3a/training/03-severe/0156.JPEG,0156.JPEG,severe,2,2ba638df27753303e10519f8778bf4867ae4295569a837f01a54794952054417,259,194,1.3351,4402.41,108.67,75.19,train
data/raw/car_damage_severity/data3a/training/03-severe/0157.JPEG,0157.JPEG,severe,2,75f2204dcc1caf7d852b24352003a756c11d0f3c1e171cfa4b6a32b9873bb5fa,273,184,1.4837,2460.54,119.09,66.55,train
data/raw/car_damage_severity/data3a/training/03-severe/0158.JPEG,0158.JPEG,severe,2,2723580dac752b4523f0ce3081999fd9eb7b2d7386689000b43678d2074d127d,264,191,1.3822,7693.4,144.17,78.47,train
data/raw/car_damage_severity/data3a/training/03-severe/0159.JPEG,0159.JPEG,severe,2,b0d6bad6fcbfc113e782234b888a260ad9c98fdc39a23e5cfbe3af049d2484da,124,143,0.8671,4243.64,100.15,65.06,train
data/raw/car_damage_severity/data3a/training/03-severe/0161.JPEG,0161.JPEG,severe,2,6b7a13b02a339052480c9eb733e3d51d640e78cd3b6c874b06fa89f7a7ef7758,275,183,1.5027,2720.27,113.75,70.55,train
data/raw/car_damage_severity/data3a/training/03-severe/0162.JPEG,0162.JPEG,severe,2,12aa510b498a338f4741297a9228cc094447959ad879600e4c3b815349e7e4cd,271,186,1.457,2967.5,110.17,47.62,train
data/raw/car_damage_severity/data3a/training/03-severe/0164.JPEG,0164.JPEG,severe,2,7db12807ff017d9f844cf6255ab06aaf9d4e3614a7a39c3faebf59b7ea75c449,266,190,1.4,2907.85,107.77,59.02,train
data/raw/car_damage_severity/data3a/training/03-severe/0165.JPEG,0165.JPEG,severe,2,350bb7c147852043c8765320a73a70585c18199e5b5a0ed8802f38a30f5b4727,240,210,1.1429,2990.75,96.45,73.93,train
data/raw/car_damage_severity/data3a/training/03-severe/0166.JPEG,0166.JPEG,severe,2,91281f1a093907e67ae66b05bce6746e126c58eddd2640388cc131731e747c81,269,187,1.4385,1642.49,83.36,65.06,train
data/raw/car_damage_severity/data3a/training/03-severe/0167.JPEG,0167.JPEG,severe,2,ce3d21130900cde6e0d41dadb9e946ab6583622479c831f6cc352ba8b6339955,277,182,1.522,1326.66,54.94,46.5,train
data/raw/car_damage_severity/data3a/training/03-severe/0168.JPEG,0168.JPEG,severe,2,bf8115a56b8e96caaf4383a1cb5b25aacb66429169ff9a8ba2f1a16e01bf9cab,259,194,1.3351,2239.84,98.18,71.35,train
data/raw/car_damage_severity/data3a/training/03-severe/0169.JPEG,0169.JPEG,severe,2,daca049b9dbc95d800f9698b78f6524dbcf17243fbea8e8caff60b373fd5e72d,259,194,1.3351,3082.32,136.09,67.9,train
data/raw/car_damage_severity/data3a/training/03-severe/0170.JPEG,0170.JPEG,severe,2,f99707e372aa567e7b55d1aab471533b0050fddbc7b532951f660db7fbf81d81,192,263,0.73,3976.01,151.08,65.59,train
data/raw/car_damage_severity/data3a/training/03-severe/0172.JPEG,0172.JPEG,severe,2,c3fd9e271394515a20f897fe7df77900ddcfd575e5a21a880cb7817a5d787725,259,194,1.3351,1407.66,108.61,82.97,train
data/raw/car_damage_severity/data3a/training/03-severe/0173.JPEG,0173.JPEG,severe,2,2150e89a57416ccebc97f0f5f4ada813216ab4e15942cf29430d7170f8128b23,175,157,1.1146,6262.31,102.18,74.83,train
data/raw/car_damage_severity/data3a/training/03-severe/0176.JPEG,0176.JPEG,severe,2,6145a8e103ef1e3a713588b3f8e3a7d234aeb320c5398180d574d96266a0d677,183,275,0.6655,5889.24,100.74,65.94,train
data/raw/car_damage_severity/data3a/training/03-severe/0178.JPEG,0178.JPEG,severe,2,254c81c4d3472c3c8a294de346b78c3e468376e185c2ceab13a08f4a9bf6d69a,270,187,1.4439,1950.62,107.55,66.58,train
data/raw/car_damage_severity/data3a/training/03-severe/0179.jpeg,0179.jpeg,severe,2,a98eab48ef68de1f1081d8fed0150f4ee0d2acf28b4fc6ee8b9c9668ca0fb785,275,183,1.5027,3800.13,87.31,59.84,train
data/raw/car_damage_severity/data3a/training/03-severe/0181.JPEG,0181.JPEG,severe,2,a1b02b8d763ba965503707e5691164082c4ac63dc4a5486d1f32b539fd70350c,259,194,1.3351,3800.77,109.56,87.85,train
data/raw/car_damage_severity/data3a/training/03-severe/0183.JPEG,0183.JPEG,severe,2,531cb44a179a93937f45b8b583dae52709dd3b2d41ead8ae4b7c190226fc47ff,259,194,1.3351,3717.22,124.01,57.53,train
data/raw/car_damage_severity/data3a/training/03-severe/0184.JPEG,0184.JPEG,severe,2,74973de2fc20c2b4a9ccbaa50eb25569d44988665ec5ce8212f1667599a050cc,259,194,1.3351,2105.29,112.83,69.52,train
data/raw/car_damage_severity/data3a/training/03-severe/0185.JPEG,0185.JPEG,severe,2,d2c21d13c177d2bceb64b0fd35f9c05e3c94fba19f3961e98b4ae7c59fc3a7ba,299,169,1.7692,2285.85,116.9,60.69,train
data/raw/car_damage_severity/data3a/training/03-severe/0187.JPEG,0187.JPEG,severe,2,bf508efa6244c9b00f7aacf88c3556c8300cd2211c57e2c630a70efdd068124e,411,122,3.3689,1923.02,103.17,73.87,train
data/raw/car_damage_severity/data3a/training/03-severe/0188.JPEG,0188.JPEG,severe,2,7fc447f230742f52c85cc421ae69fcd5da8f4016c4122b4ef3305cd2e69c43c4,259,194,1.3351,200.25,107.55,71.63,train
data/raw/car_damage_severity/data3a/training/03-severe/0190.JPEG,0190.JPEG,severe,2,6e10b696410af507d436891d3ae56b25a8aeea50088d18d7ccdef028fca71e83,259,194,1.3351,2965.61,92.25,70.09,train
data/raw/car_damage_severity/data3a/training/03-severe/0192.jpeg,0192.jpeg,severe,2,5fedc073e95f372ffd1cba36eb97ebc12a215121dd092dd9221e7fc150829a09,299,169,1.7692,3403.91,113.64,50.81,train
data/raw/car_damage_severity/data3a/training/03-severe/0193.JPEG,0193.JPEG,severe,2,dee319a4a4458a338c25c2732e3c1314344147032148e29f4551965f821a9d19,270,187,1.4439,4217.4,59.36,66.27,train
data/raw/car_damage_severity/data3a/training/03-severe/0194.jpeg,0194.jpeg,severe,2,e4ce8d0240c100cd106f1aca82a2f1f9856ae2bb2e9c7480cf394968151fddbd,259,194,1.3351,1075.15,140.55,68.9,train
data/raw/car_damage_severity/data3a/training/03-severe/0197.jpeg,0197.jpeg,severe,2,08fa3a99429b83c38855aedb128640d26cef4a719ce32f4303632840134fcc76,259,194,1.3351,2638.35,159.91,56.64,train
data/raw/car_damage_severity/data3a/training/03-severe/0198.JPEG,0198.JPEG,severe,2,e0b868c722f2f741ad5b3fb463851d8a6643e6800f9b280c417ca766600af373,259,194,1.3351,2280.77,132.9,75.2,train
data/raw/car_damage_severity/data3a/training/03-severe/0199.JPEG,0199.JPEG,severe,2,aa4e77d0b4445b57237d97aea15d1c8be8334ad3efb6592a9dcd4f486935fee8,259,194,1.3351,2892.31,121.48,71.66,train
data/raw/car_damage_severity/data3a/training/03-severe/0201.JPEG,0201.JPEG,severe,2,14166b74350a0a7491ffb9cc4b880467f19f8cf12d14b439ac1e64cccd3abbd1,259,194,1.3351,2179.37,118.95,80.02,train
data/raw/car_damage_severity/data3a/training/03-severe/0204.JPEG,0204.JPEG,severe,2,56b1d8171501d7231330d2d60bd50e7d914b2b23f9c4e4cda998736f2da9c2dd,245,206,1.1893,4398.94,93.71,65.97,train
data/raw/car_damage_severity/data3a/training/03-severe/0205.JPEG,0205.JPEG,severe,2,e0c9f4564923fd66716072f5ca5d7e999fc927de0f779599341d884d24a5e91c,259,194,1.3351,1963.0,98.91,59.64,train
data/raw/car_damage_severity/data3a/training/03-severe/0206.JPEG,0206.JPEG,severe,2,cc02b41860eda71693b28c8231995e167c52c9c635dd833383fbadd240c5b2bf,260,194,1.3402,3976.6,110.42,68.78,train
data/raw/car_damage_severity/data3a/training/03-severe/0207.JPEG,0207.JPEG,severe,2,0099449eef364067a34099c4670a9b45990ef8bb605a94e23d89dbcb399eb132,259,194,1.3351,2049.54,89.38,66.92,train
data/raw/car_damage_severity/data3a/training/03-severe/0209.JPEG,0209.JPEG,severe,2,4d12e453d783981881d725a0d01b3c94938189ad0440d5a30385703b11bf9543,275,183,1.5027,1472.63,89.24,53.17,train
data/raw/car_damage_severity/data3a/training/03-severe/0210.JPEG,0210.JPEG,severe,2,56640bbc3e055aab803fc550d091a680b0d50757966874abeb9165b361f644d1,260,194,1.3402,4180.19,75.3,57.1,train
data/raw/car_damage_severity/data3a/training/03-severe/0211.JPEG,0211.JPEG,severe,2,2d26856d656d86591f382ec8b27e5c2ce3603f7b891fce8093914afdc872ca82,269,187,1.4385,5690.66,115.55,67.42,train
data/raw/car_damage_severity/data3a/training/03-severe/0214.JPEG,0214.JPEG,severe,2,61b94f90d0698ac04f9d2999c4dd75a603be19241b9348509a0db13c41fc4718,259,194,1.3351,4456.65,127.71,77.38,train
data/raw/car_damage_severity/data3a/training/03-severe/0216.JPEG,0216.JPEG,severe,2,ded0572ed26e9d02b06f285245a0d508cc7e09eb8cc2871841689c19daae8a75,301,167,1.8024,4233.24,74.85,44.59,train
data/raw/car_damage_severity/data3a/training/03-severe/0220.JPEG,0220.JPEG,severe,2,dff6515fdf0eb13fc8f62447858c9e6cf8d50649180c120a9bf972ecd91457bf,295,171,1.7251,2546.17,98.53,62.55,train
data/raw/car_damage_severity/data3a/training/03-severe/0223.JPEG,0223.JPEG,severe,2,a7835854e9728d8e4ef4b4b5cbf9f5caba23bc8126adc1ec15c5a6b3d4e2b43e,259,194,1.3351,2460.04,108.5,72.81,train
data/raw/car_damage_severity/data3a/training/03-severe/0224.JPEG,0224.JPEG,severe,2,fa256f1d2501fa24330aafdc709b65c32e10725868deebf0deb832e68273da58,275,183,1.5027,2829.08,135.64,73.78,train
data/raw/car_damage_severity/data3a/training/03-severe/0225.JPEG,0225.JPEG,severe,2,645e9ea84e83e0146a012cbb5be0c6cfab37d269f7cdf2b31dec78cd1fdf845f,275,183,1.5027,2304.97,135.32,77.62,train
data/raw/car_damage_severity/data3a/training/03-severe/0227.JPEG,0227.JPEG,severe,2,6c9c4f0a8181c6fa8127da890919687f13a1133f9849e6a0daee3f8bc2477054,275,183,1.5027,5378.96,111.82,69.16,train
data/raw/car_damage_severity/data3a/training/03-severe/0229.JPEG,0229.JPEG,severe,2,feaf6359396bd3e947ab2015911c9673235b6498f824ef11343d4328105fa3a9,278,181,1.5359,776.02,23.23,24.34,train
data/raw/car_damage_severity/data3a/training/03-severe/0231.JPEG,0231.JPEG,severe,2,44daac13cf3d9679ac94c6fa3b9b736ec5e183c4b976c6ab3da772de2e985dc1,259,194,1.3351,3788.06,118.75,57.38,train
data/raw/car_damage_severity/data3a/training/03-severe/0232.JPEG,0232.JPEG,severe,2,79a5e2375c65ec4841073cd5d3b238e550c52424ad1bd75138410fd507827964,259,194,1.3351,2283.61,135.32,66.42,train
data/raw/car_damage_severity/data3a/training/03-severe/0235.JPEG,0235.JPEG,severe,2,1872b6b1bfa4b369931e21102665ece94dcd9554ff9df5e7d48aed25af77fe1c,223,159,1.4025,2780.04,54.54,46.26,train
data/raw/car_damage_severity/data3a/training/03-severe/0236.jpeg,0236.jpeg,severe,2,c165ede029c2dfb5c3d505cc8653c26cbf0269b69bc9426fcc65d1d40bdc8312,275,183,1.5027,2369.37,96.89,73.12,train
data/raw/car_damage_severity/data3a/training/03-severe/0238.JPEG,0238.JPEG,severe,2,4c8cc070ba836976329458ff011e31eb4d8647cbd4f715903441adce4fce87c8,259,194,1.3351,2452.44,122.21,78.02,train
data/raw/car_damage_severity/data3a/training/03-severe/0240.JPEG,0240.JPEG,severe,2,640951f68b343db155a8a79e26d19ceb79d4bf3efc8d46158c0b20552dd9d076,259,195,1.3282,1967.75,96.63,58.89,train
data/raw/car_damage_severity/data3a/training/03-severe/0241.JPEG,0241.JPEG,severe,2,6b49e32190e1f05e775b6f9c407c83d66b7d76f0f6ee8e7cee55d014244cb1ad,259,194,1.3351,1571.97,130.12,59.73,train
data/raw/car_damage_severity/data3a/training/03-severe/0243.JPEG,0243.JPEG,severe,2,6c5fbdb09449c444aee896163f51a0ecf977b3abff82d4579dfa19ac9379c5cc,201,157,1.2803,2462.37,112.29,57.07,train
data/raw/car_damage_severity/data3a/training/03-severe/0245.JPEG,0245.JPEG,severe,2,7be408f2995894c0d570759c46a28ee2af94ce0f6ea37a61abb84425c4e6c9f0,178,141,1.2624,3131.09,113.68,60.3,train
data/raw/car_damage_severity/data3a/training/03-severe/0246.JPEG,0246.JPEG,severe,2,118fe94ec007eca6bc8ef12d2f52d1a5bc0920a96cd8e531974e4a528677846e,189,149,1.2685,1593.36,56.14,39.33,train
data/raw/car_damage_severity/data3a/training/03-severe/0247.JPEG,0247.JPEG,severe,2,bff897c870a07a9afdc7c0fa609284febe1fed9b82011b0fe7745f7653e65fb0,259,194,1.3351,2747.89,116.85,73.09,train
data/raw/car_damage_severity/data3a/training/03-severe/0248.jpeg,0248.jpeg,severe,2,d6a21a1b70ff75af03fc5b1b7b600ffa8cc0c96040ecc31220238caa6e655446,275,183,1.5027,2818.57,110.26,61.24,train
data/raw/car_damage_severity/data3a/training/03-severe/0249.JPEG,0249.JPEG,severe,2,f74aff014e36612c1ad43c79e0864f211053e943a969d09c6e51d0818feb1408,301,168,1.7917,4214.33,124.06,57.64,train
data/raw/car_damage_severity/data3a/training/03-severe/0250.JPEG,0250.JPEG,severe,2,649ad0fd6c0521d13ef4848d0b39e119bbd2bd10cb0f166e1598ccad2ae99480,286,176,1.625,7711.91,126.65,74.28,train
data/raw/car_damage_severity/data3a/training/03-severe/0251.JPEG,0251.JPEG,severe,2,0a213149e8f56b97b2eea0965624ac134c6a215b7f8d5031ec1aa434952e6367,299,168,1.7798,372.71,113.02,50.97,train
data/raw/car_damage_severity/data3a/training/03-severe/0252.JPEG,0252.JPEG,severe,2,70edadb4e957960e585eb0af392d5bf62bfcd28a3dc20d4ed83e3884ccd476bb,259,194,1.3351,4102.07,132.24,60.09,train
data/raw/car_damage_severity/data3a/training/03-severe/0254.JPEG,0254.JPEG,severe,2,70ba1b834dcc5979e6d9650639a78409b55e5baa5df08247c937d6e421f16989,189,144,1.3125,4662.28,105.16,62.11,train
data/raw/car_damage_severity/data3a/training/03-severe/0256.JPEG,0256.JPEG,severe,2,f7df359d8abacdd43527bbfc9620719eeed0e51ab46fa16f52eb4d9315b2e45c,300,168,1.7857,5066.73,95.27,45.39,train
data/raw/car_damage_severity/data3a/training/03-severe/0258.JPEG,0258.JPEG,severe,2,1485ef523d12033b468e8094b08b2d96606adc608e98c10ae460429f83fd243c,259,194,1.3351,2717.55,122.42,58.9,train
data/raw/car_damage_severity/data3a/training/03-severe/0259.JPEG,0259.JPEG,severe,2,fa2a8e2db9b2a05f76d99ace841893b4f912dc78275973ef95bc667e048409af,259,194,1.3351,2068.99,153.44,74.08,train
data/raw/car_damage_severity/data3a/training/03-severe/0260.JPEG,0260.JPEG,severe,2,2a3e3bc018d506d2dde09554664913f50f026191de5c044b80d894c8bf76e17c,183,145,1.2621,558.23,128.33,73.03,train
data/raw/car_damage_severity/data3a/training/03-severe/0261.JPEG,0261.JPEG,severe,2,47c41829918598aa3712efdc1dd4876478eab664a8ab8f1335eeee567f39a1e2,225,225,1.0,1572.73,100.59,75.31,train
data/raw/car_damage_severity/data3a/training/03-severe/0262.JPEG,0262.JPEG,severe,2,84811c4990927d9b3e1d01e897dc6b5ccc29b400a7437a5097b1b57c5c8647f4,195,137,1.4234,3374.11,95.25,62.66,train
data/raw/car_damage_severity/data3a/training/03-severe/0264.jpeg,0264.jpeg,severe,2,e3bd9822ab5481a4a4a35787e1a48b840661c09fae1168b97c0e9e1175615179,267,189,1.4127,1258.87,146.99,70.28,train
data/raw/car_damage_severity/data3a/training/03-severe/0265.JPEG,0265.JPEG,severe,2,a9d8a496e65881d5e9afa866a06d95abe946e01e9b9ac14f2d8c5190f2899a59,224,225,0.9956,3981.16,84.95,63.2,train
data/raw/car_damage_severity/data3a/training/03-severe/0267.JPEG,0267.JPEG,severe,2,e9eb00073065eac861f235c967d051d319261c41e6008470b55d7e846b246bb8,154,114,1.3509,5663.31,111.29,61.04,train
data/raw/car_damage_severity/data3a/training/03-severe/0269.JPEG,0269.JPEG,severe,2,dc88268508c487cafb256b64937ef66672960abcea7b208885f06080c2ab4ffa,259,194,1.3351,2576.9,146.72,59.57,train
data/raw/car_damage_severity/data3a/training/03-severe/0270.JPEG,0270.JPEG,severe,2,dcb9e0fef50fc6a30a91ae1f05eb03b8c7316bc170c9ce55ec2fd9fbf70b7f5e,269,187,1.4385,4189.39,49.88,40.29,train
data/raw/car_damage_severity/data3a/training/03-severe/0271.JPEG,0271.JPEG,severe,2,cbe1889303a8f7c5216febd51af6b47fb4f49543796dcc103319fca4ce03dbad,148,104,1.4231,8333.38,102.64,56.07,train
data/raw/car_damage_severity/data3a/training/03-severe/0272.JPEG,0272.JPEG,severe,2,5193eb9bd3ee8cd61e6fe73cee1bf370a7dc94763bed1d49e35a484c2719c551,125,110,1.1364,5315.86,114.66,63.91,train
data/raw/car_damage_severity/data3a/training/03-severe/0273.JPEG,0273.JPEG,severe,2,801b97f2eaa9fcae0e80f6c8b46c36670c38b89296d9c287700c218b7e708b77,259,194,1.3351,3657.11,102.74,54.89,train
data/raw/car_damage_severity/data3a/training/03-severe/0274.JPEG,0274.JPEG,severe,2,8fd26f8f46a9fa1e6ac8ee32954e927b1271b10ab760a14a6efc59563edc4e57,299,169,1.7692,6680.58,108.14,60.91,train
data/raw/car_damage_severity/data3a/training/03-severe/0275.JPEG,0275.JPEG,severe,2,4facf946c88f841a9d0961228d0616b08a05a464ffc4d4bde56277316193ba86,322,156,2.0641,2926.25,167.63,86.69,train
data/raw/car_damage_severity/data3a/training/03-severe/0276.JPEG,0276.JPEG,severe,2,447bd429dfb9e86a93bbca123e6ecadd97fb5e16a47ea18c998c667a835ea9c9,259,194,1.3351,3441.87,103.28,69.3,train
data/raw/car_damage_severity/data3a/training/03-severe/0277.JPEG,0277.JPEG,severe,2,5b007b9df3654f1afabb8cdbc599b672e2582154fe2abe1eca1a81ff88633e94,169,162,1.0432,1873.26,69.6,53.97,train
data/raw/car_damage_severity/data3a/training/03-severe/0278.JPEG,0278.JPEG,severe,2,947a21843b016633861f3f4e4a084485e44ca5815ee1403e256f69cf81b499d9,226,149,1.5168,3418.72,123.29,73.03,train
data/raw/car_damage_severity/data3a/training/03-severe/0279.JPEG,0279.JPEG,severe,2,f4993e34f136b2c8d9823906c52f21696c5b8702a94151aa6104681cf618e80d,284,178,1.5955,2561.44,125.15,94.18,train
data/raw/car_damage_severity/data3a/training/03-severe/0281.JPEG,0281.JPEG,severe,2,8acae4209a0f787971081e64f48ac08b4720e277d4d537d12246d34662dc63ec,259,194,1.3351,2215.46,113.27,57.16,train
data/raw/car_damage_severity/data3a/training/03-severe/0283.JPEG,0283.JPEG,severe,2,1b36d3f40c1811c5fa95de750dba9810dcf38b8aac2c499a4c4849cd06c47a6e,300,168,1.7857,1838.94,99.63,55.3,train
data/raw/car_damage_severity/data3a/training/03-severe/0285.JPEG,0285.JPEG,severe,2,29c66b1ec00565ee2e1a3c5e685325f9addde21cc944f4fa68d9b4779de63562,259,194,1.3351,5857.32,104.96,69.77,train
data/raw/car_damage_severity/data3a/training/03-severe/0287.JPEG,0287.JPEG,severe,2,87a2c50a91bfffdc539e7db2e9444375f845ce0be939eeafed951ee21a3899a1,305,165,1.8485,3798.39,131.08,88.61,train
data/raw/car_damage_severity/data3a/training/03-severe/0288.JPEG,0288.JPEG,severe,2,0874634d50032a72542c6ffe6ed2612a8e58ee78fb0247aa3b4a7c8fb41d6f95,300,168,1.7857,1429.2,53.22,34.96,train
data/raw/car_damage_severity/data3a/training/03-severe/0289.JPEG,0289.JPEG,severe,2,ff0786da856ebabb92b1e138cfc5125c9e214c728f10d3fb64c5a314bb5b0700,259,194,1.3351,1627.37,147.06,65.67,train
data/raw/car_damage_severity/data3a/training/03-severe/0290.JPEG,0290.JPEG,severe,2,2b2a7b2fe66faf192fdbfb4776030f9bc401561d6b538b6ca95c20dbe484843b,157,183,0.8579,3390.89,106.64,66.74,train
data/raw/car_damage_severity/data3a/training/03-severe/0291.JPEG,0291.JPEG,severe,2,6c5d5b5ce7b669c0e87e50def0453712068b1b32e7ed360e65ad5f4deee5c629,259,194,1.3351,4023.07,115.27,79.71,train
data/raw/car_damage_severity/data3a/training/03-severe/0292.JPEG,0292.JPEG,severe,2,36ee331829cfca166f3e7cbd029818d092c4c9a9d9012601a503486d93e923d9,259,194,1.3351,2783.92,110.84,53.47,train
data/raw/car_damage_severity/data3a/training/03-severe/0293.JPEG,0293.JPEG,severe,2,3ec28a88d506dc1666866ec8e396d17b054d47410fb2126d7f8ee61fb65b8bf5,259,194,1.3351,2926.2,105.88,54.06,train
data/raw/car_damage_severity/data3a/training/03-severe/0295.JPEG,0295.JPEG,severe,2,2ca9e56a3932cc4138a50c2a9f6663494069ea6fb7adc09885fe075dcfe708d0,189,128,1.4766,2480.87,116.77,57.38,train
data/raw/car_damage_severity/data3a/training/03-severe/0296.JPEG,0296.JPEG,severe,2,96f2c1118b46ea77e5ac5af5776a9a3ea882343fbf5dacd1368d47bf2d23b40a,252,200,1.26,3623.98,175.22,93.99,train
data/raw/car_damage_severity/data3a/training/03-severe/0297.JPEG,0297.JPEG,severe,2,2ae4176ef7bbfedebc64c83ac234ca1fe165003893065b9aaffa1aabc4620b32,275,183,1.5027,4299.29,138.18,74.24,train
data/raw/car_damage_severity/data3a/training/03-severe/0300.JPEG,0300.JPEG,severe,2,ca3f9a04da2401b446888906aa78c554d569cdc7431fc5dad38f5ef917794266,299,168,1.7798,5656.7,118.49,62.46,train
data/raw/car_damage_severity/data3a/training/03-severe/0302.JPEG,0302.JPEG,severe,2,27cbe6ae19789d24faeada887812e1eed2dd898a2dfaab3c80b40d5b5ca3b57d,299,168,1.7798,2697.4,100.53,59.82,train
data/raw/car_damage_severity/data3a/training/03-severe/0304.JPEG,0304.JPEG,severe,2,7b6b145410ab1ea92f77865e2d0e0fbd51e821f3f1c3d463a411e9f50db48334,259,194,1.3351,1038.4,107.63,56.38,train
data/raw/car_damage_severity/data3a/training/03-severe/0305.JPEG,0305.JPEG,severe,2,426c1efb875f89e5d36d66e1d7f52651f6bdace8f6000575a80996dcd81b47d0,284,177,1.6045,3601.6,122.47,58.19,train
data/raw/car_damage_severity/data3a/training/03-severe/0306.JPEG,0306.JPEG,severe,2,a629906cfed3bd46293f7cb961bb17fc4851d34e0c5e2f346ede55f3d3eff96c,197,152,1.2961,3567.31,79.47,61.03,train
data/raw/car_damage_severity/data3a/training/03-severe/0307.JPEG,0307.JPEG,severe,2,ed26125a2a2ceeb62a79890e804d19e6aebbd4542649e97b8d300cc2d3d6e8e2,264,191,1.3822,4635.6,116.36,70.42,train
data/raw/car_damage_severity/data3a/training/03-severe/0308.jpeg,0308.jpeg,severe,2,b9cabad9c5cf27f27f31a76fc749c1784fc973325b014c9f680a7d62df309cf5,275,183,1.5027,2928.11,124.44,71.05,train
data/raw/car_damage_severity/data3a/training/03-severe/0309.JPEG,0309.JPEG,severe,2,73f84af073ce9c087b2076e4a4de22802482505062b5cfac234b45c5fc247c26,300,168,1.7857,3990.87,125.71,65.67,train
data/raw/car_damage_severity/data3a/training/03-severe/0311.JPEG,0311.JPEG,severe,2,36f40ee080edd19ec3fd9281ded63b90b97285dd504e24373220aa5539700a2c,318,159,2.0,2386.33,114.4,58.86,train
data/raw/car_damage_severity/data3a/training/03-severe/0312.JPEG,0312.JPEG,severe,2,8313da0f470099727153dede6f2e64182aac90a885136b43d9e75f7c96057416,213,115,1.8522,2993.88,88.77,57.0,train
data/raw/car_damage_severity/data3a/training/03-severe/0315.JPEG,0315.JPEG,severe,2,a1b7ceb918aa9f45c3a97fa1c4c0e0e732d0649040e5df3a35ead4322f1690b7,259,194,1.3351,2331.74,113.47,76.2,train
data/raw/car_damage_severity/data3a/training/03-severe/0317.JPEG,0317.JPEG,severe,2,0e49a1da12f7bc12ff03f6e2a9eb580f8753ae01cec04b84a079a6f15311b7c2,259,194,1.3351,2905.14,96.62,65.71,train
data/raw/car_damage_severity/data3a/training/03-severe/0318.JPEG,0318.JPEG,severe,2,fd1bd0f841ab51b1123f297b9c853b778a370f004f119717a3251a6a58bcffed,299,168,1.7798,2759.48,126.35,56.29,train
data/raw/car_damage_severity/data3a/training/03-severe/0319.JPEG,0319.JPEG,severe,2,92f696f0b0f966fc983c2ecc72abb227c71ebcb160c66c75c34f6bae35d5d10b,266,189,1.4074,3788.83,130.18,90.43,train
data/raw/car_damage_severity/data3a/training/03-severe/0320.JPEG,0320.JPEG,severe,2,eae26e6e80312207ea8e29b0683193974158c4583129f15003197d547a7087f9,259,194,1.3351,3034.93,124.31,62.77,train
data/raw/car_damage_severity/data3a/training/03-severe/0321.JPEG,0321.JPEG,severe,2,d7219aa763a754705292a4ac66f5cab70a6b503b788c97466fe0bc373dd3e569,316,159,1.9874,4708.25,119.58,71.79,train
data/raw/car_damage_severity/data3a/training/03-severe/0322.JPEG,0322.JPEG,severe,2,1a24f710e038f594a1f21133394914ae55ce646f1fe5e648a2998ff0b0c25357,180,183,0.9836,2131.08,73.11,65.74,train
data/raw/car_damage_severity/data3a/training/03-severe/0323.JPEG,0323.JPEG,severe,2,7e69d4b0ccd3a2b15fe96170a88a0643958d025f2e46a90329f9bb10cf561995,277,182,1.522,4872.22,52.24,45.17,train
data/raw/car_damage_severity/data3a/training/03-severe/0324.JPEG,0324.JPEG,severe,2,0e5f4cdc4ff46c5a411b9de99d6395de5ec6650399bd8f2a2a1cae384e554b6c,259,194,1.3351,2700.95,93.82,54.42,train
data/raw/car_damage_severity/data3a/training/03-severe/0325.JPEG,0325.JPEG,severe,2,c7eb4bcc4b7d8a4a9938adfbfa05a5b600530d47af841695b78da5184861cfc3,286,176,1.625,4854.9,95.04,75.46,train
data/raw/car_damage_severity/data3a/training/03-severe/0326.JPEG,0326.JPEG,severe,2,bcf2f5f332270662e1cb089b4fdffbc4de8ac8ff93d3f1b15075f3795bb96213,259,194,1.3351,5246.4,144.57,68.17,train
data/raw/car_damage_severity/data3a/training/03-severe/0327.JPEG,0327.JPEG,severe,2,a581ddad7abdab6193d924dcf3f527a56de2906a27e7bde2f76cf2fc35d03fd8,281,179,1.5698,2724.24,113.63,51.83,train
data/raw/car_damage_severity/data3a/training/03-severe/0330.JPEG,0330.JPEG,severe,2,61dc548ea876fa510095e6e5e5da046d875d08b6e7d793eecedbab75e4eac3ee,194,259,0.749,1945.52,77.34,69.68,train
data/raw/car_damage_severity/data3a/training/03-severe/0331.JPEG,0331.JPEG,severe,2,2ca7c3d8375aa67e82d1f04a255f0e1a705c0808d513f959b6d952e5ef6eafce,300,168,1.7857,1795.82,137.85,80.53,train
data/raw/car_damage_severity/data3a/training/03-severe/0332.JPEG,0332.JPEG,severe,2,0ec08c40aa4dcf8dcfc048f2a130fc7f66b80fe83571b6f70c481a61a755f506,275,183,1.5027,1313.01,119.24,46.16,train
data/raw/car_damage_severity/data3a/training/03-severe/0333.JPEG,0333.JPEG,severe,2,079989d912e016a346a7d2f9ef646b1ceffef9efa6308fe5d59c09b0575c0efb,211,138,1.529,2631.83,105.3,51.06,train
data/raw/car_damage_severity/data3a/training/03-severe/0334.JPEG,0334.JPEG,severe,2,eae0c2d0c27b24cb7406c72dd152357f3fcbfad58538326970ef1a1711a25693,195,183,1.0656,3694.18,92.55,73.41,train
data/raw/car_damage_severity/data3a/training/03-severe/0335.JPEG,0335.JPEG,severe,2,d312d5c9131116bae0681d8ea555495bd9c32aa2993cc5169f765c241a4926aa,259,194,1.3351,2430.89,103.23,59.38,train
data/raw/car_damage_severity/data3a/training/03-severe/0337.JPEG,0337.JPEG,severe,2,bf0207d03c97693f66618d685868c36ff8df0995d8beafc937431de3a0806906,259,194,1.3351,2681.15,130.46,76.76,train
data/raw/car_damage_severity/data3a/training/03-severe/0338.JPEG,0338.JPEG,severe,2,c9972e547aeec1e87a7f379d3b842aa02f0aba8820be5d266423e3e36f09e863,225,225,1.0,968.06,135.42,59.76,train
data/raw/car_damage_severity/data3a/training/03-severe/0341.JPEG,0341.JPEG,severe,2,16f4227a86c4be815049edfd4c9914fc487abe2e7936f01f5e759b8bbf6a3a0d,278,181,1.5359,2617.94,74.02,46.61,train
data/raw/car_damage_severity/data3a/training/03-severe/0342.JPEG,0342.JPEG,severe,2,a17f4100fd29a3fe1be67cf1bc9de11ecf2411a726bacacec0a529ab4904fd05,259,194,1.3351,2681.69,128.71,61.1,train
data/raw/car_damage_severity/data3a/training/03-severe/0344.JPEG,0344.JPEG,severe,2,a608082e7d9e4a66953f8f62747ab575654d0d7d2cee4238ee9ab68d816b43cf,129,177,0.7288,2835.45,107.03,79.29,train
data/raw/car_damage_severity/data3a/training/03-severe/0345.JPEG,0345.JPEG,severe,2,80cd6c31bc8c63615ba2da54b8ab68f50d2b24f269d88a137df9a779c5a830d7,284,177,1.6045,3475.97,139.42,63.75,train
data/raw/car_damage_severity/data3a/training/03-severe/0346.JPEG,0346.JPEG,severe,2,e149704e3e913bf5220e84be1c5303ec574c87fc4bcc86acff8f8eb5c9c0ceb2,259,194,1.3351,1321.24,87.23,49.53,train
data/raw/car_damage_severity/data3a/training/03-severe/0348.JPEG,0348.JPEG,severe,2,08856df4b644894a286c2268bad6362240e33ca2da34383699b4afec67b9ceba,259,194,1.3351,3845.93,105.49,74.32,train
data/raw/car_damage_severity/data3a/training/03-severe/0349.JPEG,0349.JPEG,severe,2,a3b6d58581005ed37fd2fbc7d3062ff0ed7cb924f155318ce274bb5c9279d0dd,254,198,1.2828,4486.24,116.55,65.07,train
data/raw/car_damage_severity/data3a/training/03-severe/0350.JPEG,0350.JPEG,severe,2,683f9f0ec7c7a569232d4494e11865db654a20c4896e6a20d82e528afa3035d2,296,170,1.7412,1448.44,108.22,57.77,train
data/raw/car_damage_severity/data3a/training/03-severe/0351.JPEG,0351.JPEG,severe,2,e6009452e833e0947ac309d0ceb722be6d3747f5dced331e79a7f2a2d2325725,295,171,1.7251,2119.86,144.93,62.11,train
data/raw/car_damage_severity/data3a/training/03-severe/0352.JPEG,0352.JPEG,severe,2,aa93f13e19ee5767e0754fee2d47a5b0f34ceb605b7c793bdc417d45cd00d41e,275,183,1.5027,3503.39,115.54,69.9,train
data/raw/car_damage_severity/data3a/training/03-severe/0354.JPEG,0354.JPEG,severe,2,752a680bff370110ef261a0f63bb99e4c5f52cb530e38495c1d38978d725f2ac,160,136,1.1765,3373.85,83.25,57.84,train
data/raw/car_damage_severity/data3a/training/03-severe/0355.JPEG,0355.JPEG,severe,2,f2707e28d5733b5500c33270bf0dbc5bb4e9e474ad720bbed6be84af568e3021,259,194,1.3351,1862.03,112.93,67.02,train
data/raw/car_damage_severity/data3a/training/03-severe/0357.JPEG,0357.JPEG,severe,2,cf14ffc0da5c57da7db4bd8ebdacff9480f399b507cdf3339bbe8b29323a9885,259,194,1.3351,3295.07,112.61,51.16,train
data/raw/car_damage_severity/data3a/training/03-severe/0358.JPEG,0358.JPEG,severe,2,2ebca25346d139eb66c7e5954d08f88e71acb46f28c7351132212906666fde13,259,194,1.3351,2936.17,134.18,55.89,train
data/raw/car_damage_severity/data3a/training/03-severe/0359.JPEG,0359.JPEG,severe,2,cf4e25f0d47cd5014cd0cea465ad7d561597f712ddc6040e01a30a82b7c223c9,284,177,1.6045,1717.54,115.94,75.0,train
data/raw/car_damage_severity/data3a/training/03-severe/0360.JPEG,0360.JPEG,severe,2,228f6bb78d69adff6a7a22bfe0a205a6ee484b1017f4c0684a277212ca19913b,259,194,1.3351,1600.1,110.72,50.88,train
data/raw/car_damage_severity/data3a/training/03-severe/0361.JPEG,0361.JPEG,severe,2,16c57768d9ae3b9c608bc964164f9a5ef612d1d0bf7e111ca947b1f2250174ac,261,193,1.3523,2184.46,117.45,52.27,train
data/raw/car_damage_severity/data3a/training/03-severe/0362.JPEG,0362.JPEG,severe,2,ca62177365de4467b0f8b203641d3c72efde30305cf705e623747e93d0a147af,244,206,1.1845,3941.32,124.17,84.19,train
data/raw/car_damage_severity/data3a/training/03-severe/0363.JPEG,0363.JPEG,severe,2,1451199f5b9eda6481ff80b334f442f16b32d523f27b4f095e66a3256f05a089,244,206,1.1845,4011.6,147.45,78.03,train
data/raw/car_damage_severity/data3a/training/03-severe/0364.JPEG,0364.JPEG,severe,2,a1d374ee052406b3c1ecbe1653e0d940ed7a1a14b6016141c3ad52c59f4237e7,205,108,1.8981,3792.71,55.38,61.09,train
data/raw/car_damage_severity/data3a/training/03-severe/0365.JPEG,0365.JPEG,severe,2,1b3ecb4eb9e96081a74f054bb284601d9c1a858e7d01560f50f6677910dcabd2,181,105,1.7238,4141.52,73.04,62.15,train
data/raw/car_damage_severity/data3a/training/03-severe/0366.JPEG,0366.JPEG,severe,2,c87807eb441a3ecd3a0277a1c06da0570698313c52319f9405ef5b21fe509bdc,259,194,1.3351,1845.67,76.51,51.11,train
data/raw/car_damage_severity/data3a/training/03-severe/0367.JPEG,0367.JPEG,severe,2,c89c65111597bea37a0f2603b49b72c7b49a9ff92ee39aeaceb8e5d2e527dc8d,251,201,1.2488,2589.11,128.07,55.1,train
data/raw/car_damage_severity/data3a/training/03-severe/0370.JPEG,0370.JPEG,severe,2,ace76485484839e4e580d34139ccea52e67346a589ba80e6da14a1a3b0bd32cf,244,206,1.1845,5230.99,156.61,85.92,train
data/raw/car_damage_severity/data3a/training/03-severe/0371.JPEG,0371.JPEG,severe,2,e7eea5e070095dfdbeebd984a2d1491217b5a6b1ffa997019e2a70009b2b6d62,280,180,1.5556,2496.8,152.63,67.48,train
data/raw/car_damage_severity/data3a/training/03-severe/0372.JPEG,0372.JPEG,severe,2,a7db753bf89780582c91bd8e1f2cbd6c9e0975a24fc18a8fe83499eaec5e319f,259,194,1.3351,3075.45,115.86,59.35,train
data/raw/car_damage_severity/data3a/training/03-severe/0374.JPEG,0374.JPEG,severe,2,5ae879f9870f3d125100ef4b31d656aff540d4b95853eb48484f56d2ec498295,275,183,1.5027,7241.03,151.23,67.7,train
data/raw/car_damage_severity/data3a/training/03-severe/0376.JPEG,0376.JPEG,severe,2,9ef48d1ab2f9c1180c96aef1a7df53bdde21f1953eb257796826b12461b3311d,267,188,1.4202,2414.66,136.06,76.35,train
data/raw/car_damage_severity/data3a/training/03-severe/0384.JPEG,0384.JPEG,severe,2,b2012941c12cc8dccc489559e3520f5fcf1bd9b5cf09f62336b67e1e5af5659e,259,194,1.3351,1394.25,102.62,75.32,train
data/raw/car_damage_severity/data3a/training/03-severe/0386.JPEG,0386.JPEG,severe,2,99d33360e9ef26f2bcef7a6532889b1ffe55512753fed08d8f3de8df47629060,284,177,1.6045,2824.59,98.31,75.67,train
data/raw/car_damage_severity/data3a/training/03-severe/1383ec11b2a14fae9f3f37e7684b9f65_thb.jpg,1383ec11b2a14fae9f3f37e7684b9f65_thb.jpg,severe,2,be2f0fbe5e7539706a15f37b02bcf03d7aee61ebdae842e7daf9d14604bf01fa,144,108,1.3333,3239.78,136.22,53.54,train
data/raw/car_damage_severity/data3a/training/03-severe/616576435732408489aa3b5c24e17de6_thb.jpg,616576435732408489aa3b5c24e17de6_thb.jpg,severe,2,9d05af61f4b9326c8165d3e85d47b576fd7881d95d339751135fc6c09f5cbe18,144,108,1.3333,3140.14,132.84,66.7,train
data/raw/car_damage_severity/data3a/training/03-severe/7ab26f4613e644e2a19884774ea42ab4_thb.jpg,7ab26f4613e644e2a19884774ea42ab4_thb.jpg,severe,2,a67e958279d46cb50d25f338ce4a7f9693fff4892a291176430c38e3f88b088d,144,108,1.3333,2923.69,112.12,56.35,train
data/raw/car_damage_severity/data3a/training/03-severe/b20c00472d7d4254bd9ed326eec94587_thb.jpg,b20c00472d7d4254bd9ed326eec94587_thb.jpg,severe,2,b862e3808e5dcccd8201b5715b6170293eb9510ccd3839b9a42486a7897c0fa9,144,108,1.3333,2396.87,110.96,61.28,train
data/raw/car_damage_severity/data3a/training/03-severe/cb08b40c4556456482bef99093fa7e29_thb.jpg,cb08b40c4556456482bef99093fa7e29_thb.jpg,severe,2,6c4d9007983a60e5495dd8229464e50d2f61884177368060015221ba97a44c17,144,108,1.3333,1730.16,104.56,73.58,train
data/raw/car_damage_severity/data3a/training/03-severe/download (13).jpeg,download (13).jpeg,severe,2,f52c8bb5f88a80c84d0f57be097e0a3df122fd3cb3d8a7509306fde9d3876ee2,275,183,1.5027,5765.31,110.72,79.5,train
data/raw/car_damage_severity/data3a/training/03-severe/download (15).jpeg,download (15).jpeg,severe,2,743b85d7fcb601a9d3971a114475442d0d5f3fb675b9144c0f6ba15e602da0f2,276,183,1.5082,12281.13,95.96,54.04,train
data/raw/car_damage_severity/data3a/training/03-severe/download (26).jpeg,download (26).jpeg,severe,2,f1ac1a736039211efa7098f466392785e067afae98dd8a7255e7a9a0997b71d9,299,168,1.7798,3724.87,187.57,86.71,train
data/raw/car_damage_severity/data3a/training/03-severe/download (4).jpeg,download (4).jpeg,severe,2,3634a9e1cf0bce0bfa8677b4cb4077a11f5ae6ffa3b8371dd263ce3b191346bc,269,188,1.4309,3939.69,83.65,69.76,train
data/raw/car_damage_severity/data3a/training/03-severe/download (8).jpeg,download (8).jpeg,severe,2,ce22ea2151e29fb9fb54c172daf25ce4a808bc541784cd077f4b57b914560918,256,197,1.2995,6468.23,113.42,87.23,train
data/raw/car_damage_severity/data3a/training/03-severe/f5cd0b1161fd43a6bef6f80971e6689c_thb.jpg,f5cd0b1161fd43a6bef6f80971e6689c_thb.jpg,severe,2,c217f4fde5bb8a48f212dc9b1e14e7bd8035eac0c6fc4b0af7d345580c80ed90,144,108,1.3333,4902.8,139.01,72.55,train
data/raw/car_damage_severity/data3a/training/03-severe/f81d1d37a9e44bc88828f8a6f323b6a8_thb.jpg,f81d1d37a9e44bc88828f8a6f323b6a8_thb.jpg,severe,2,f5f30209330119eb629e0119343d4465db5300fec804da5d0b00f530b36193b9,144,108,1.3333,3144.75,136.3,63.27,train
data/raw/car_damage_severity/data3a/training/03-severe/images (11).jpeg,images (11).jpeg,severe,2,b08c84c4ec275d703b2cf8486c18fa0a7e11077bb1755a9a3f4e8cda9916361a,275,183,1.5027,4532.32,104.59,71.38,train
data/raw/car_damage_severity/data3a/training/03-severe/images (16).jpeg,images (16).jpeg,severe,2,363490effeea27f6aabd86ec673c1906925399c2c1cb0e254821f1d619b4d981,260,194,1.3402,2787.48,55.95,52.9,train
data/raw/car_damage_severity/data3a/training/03-severe/images (18).jpeg,images (18).jpeg,severe,2,6f86c0b762687515677a8e02627bf20345ba1b05765d1d0f3dfd81a2fca933d1,303,166,1.8253,796.59,140.81,57.18,train
data/raw/car_damage_severity/data3a/training/03-severe/images (20).jpeg,images (20).jpeg,severe,2,740ee364a32db2c9e25bcd4a2ea310d585e2c0a2b18443408ed80d1f4bf32d70,100,100,1.0,4041.38,137.34,71.52,train
data/raw/car_damage_severity/data3a/training/03-severe/images (21).jpeg,images (21).jpeg,severe,2,296a60c75d02a5e909a8de47c5ecaeb7fe87c038ca1008b81021725ff9423fe3,256,197,1.2995,8882.19,105.5,82.03,train
data/raw/car_damage_severity/data3a/training/03-severe/images (22).jpeg,images (22).jpeg,severe,2,fedf12dddf169083d6471322f54645b3b6ff4165293cf44c3f5738b8e44693d4,275,183,1.5027,3267.53,73.26,45.91,train
data/raw/car_damage_severity/data3a/training/03-severe/images (23).jpeg,images (23).jpeg,severe,2,0d4527e2d5abae88e0c43ca4742e99b0f523d8a74c8db6d6a1854b101e28eb55,290,174,1.6667,2811.08,130.44,71.93,train
data/raw/car_damage_severity/data3a/training/03-severe/images (25).jpeg,images (25).jpeg,severe,2,0c2a293528ce8dbb6cd8966ccb3002ebdc794887d3f802cbab0253ee21cd5b74,291,173,1.6821,1875.48,163.49,82.67,train
data/raw/car_damage_severity/data3a/training/03-severe/images (28).jpeg,images (28).jpeg,severe,2,cc4020cfa17668cd381f5249cacc032990d339a226db3f1e653e79559e2f3873,275,183,1.5027,4115.92,126.1,71.93,train
data/raw/car_damage_severity/data3a/training/03-severe/images (3).jpeg,images (3).jpeg,severe,2,efd9a466d9ddc9d78859e620eae2d613e539194f07cf10a39c9835cfd231d772,275,183,1.5027,1668.76,165.0,62.37,train
data/raw/car_damage_severity/data3a/training/03-severe/images (31).jpeg,images (31).jpeg,severe,2,8f7f25e57e4079ee9ae1a71dcdb48042d1dbcd65e42c3c6112373a0512dcc071,300,168,1.7857,1625.84,117.44,40.46,train
data/raw/car_damage_severity/data3a/training/03-severe/images (32).jpeg,images (32).jpeg,severe,2,b355c172e7351c22d56a770e39cdb1c96fd53aaf4b12e700609f2efacb0c54fc,100,100,1.0,15855.23,96.74,67.53,train
data/raw/car_damage_severity/data3a/training/03-severe/images (33).jpeg,images (33).jpeg,severe,2,d7132c069a8cfa4eebd81e530cf1b15d7a31141d4de4f04c2e4e51a851118074,262,193,1.3575,3114.26,91.48,70.42,train
data/raw/car_damage_severity/data3a/training/03-severe/images (34).jpeg,images (34).jpeg,severe,2,9c7b8e1f26c394b8ae11e9eb75a754f5caa60ff0414da702a955370ce5fe83a3,100,100,1.0,4180.13,95.82,62.57,train
data/raw/car_damage_severity/data3a/training/03-severe/images (35).jpeg,images (35).jpeg,severe,2,81fb4ffaa316e37f21492d16f75370e0d12dd31700aaf0e33784c6d6e86b7657,276,183,1.5082,4480.96,98.8,71.68,train
data/raw/car_damage_severity/data3a/training/03-severe/images (36).jpeg,images (36).jpeg,severe,2,6241ad352b62f08493a18ea24ab8c6bd36513f3c0ec33d439c7a74364bf1ee54,300,168,1.7857,4907.47,134.4,69.08,train
data/raw/car_damage_severity/data3a/training/03-severe/images (38).jpeg,images (38).jpeg,severe,2,1e45a9862ab74839de573b3925776f981551a6ac534d446ab0cbacdfdc410c17,300,168,1.7857,2674.41,95.45,60.09,train
data/raw/car_damage_severity/data3a/training/03-severe/images (39).jpeg,images (39).jpeg,severe,2,1beeb73c0ddd91c73ae3df6b05b4256aaed545b020c56059a5656ce68640b61c,267,189,1.4127,3436.46,192.59,84.12,train
data/raw/car_damage_severity/data3a/training/03-severe/images (42).jpeg,images (42).jpeg,severe,2,75c3c1d2d22df21d998d25d98af0c244188a601f8f09891a80bd2f439446d89f,299,168,1.7798,2946.48,74.21,56.52,train
data/raw/car_damage_severity/data3a/training/03-severe/images (43).jpeg,images (43).jpeg,severe,2,2a7d80b4313540e5aa65777d7f78b4677ef69116599caafc8d8908d92e2e2fb7,259,194,1.3351,1510.81,117.09,46.73,train
data/raw/car_damage_severity/data3a/training/03-severe/images (50).jpeg,images (50).jpeg,severe,2,c28eaeac700e87fb15e8b4d69164f0db703d1d7da2d6bceed7d119f9345127c3,259,194,1.3351,3941.54,112.17,59.83,train
data/raw/car_damage_severity/data3a/training/03-severe/images (51).jpeg,images (51).jpeg,severe,2,a2cc13e8d75b2d9d250b4c87a692b1583f7b62a7e9f27ae224fb9ea0a4e12c17,188,268,0.7015,2988.85,111.85,62.43,train
data/raw/car_damage_severity/data3a/training/03-severe/images (52).jpeg,images (52).jpeg,severe,2,dab0e3e852fb9cb1023cf802e8fdf73aac2ca26ca69162a0bc6c7678f75ca407,262,192,1.3646,3192.59,139.65,79.31,train
data/raw/car_damage_severity/data3a/training/03-severe/images (75).jpeg,images (75).jpeg,severe,2,152767f8c77b6ebde9930b35adbc1dffcdbea53a3174e5ba3950bd14358510ae,194,259,0.749,5873.92,117.34,65.26,train
data/raw/car_damage_severity/data3a/training/03-severe/images (87).jpeg,images (87).jpeg,severe,2,359d567633f815d52ad5d0a5266729842cc137e3d28a2355b10d969eaa4bb3a9,275,183,1.5027,1075.19,153.3,61.7,train
data/raw/car_damage_severity/data3a/training/03-severe/images (88).jpeg,images (88).jpeg,severe,2,a63b1f532ef2b0cdd0ba0042aafd722ae11187cde50081dcdb060e2c876f0529,265,190,1.3947,4745.24,117.89,70.0,train
data/raw/car_damage_severity/data3a/training/03-severe/images (89).jpeg,images (89).jpeg,severe,2,721d4136ca8772ce739713d130fc6b017d062e945484a64657068a0539405169,262,192,1.3646,3389.3,106.32,65.98,train
data/raw/car_damage_severity/data3a/training/03-severe/images (91).jpeg,images (91).jpeg,severe,2,d6eae3d0326e591b71abd2525e6c63841e07aec39bda616f3563f3684a63b258,261,193,1.3523,3409.1,90.25,67.81,train
data/raw/car_damage_severity/data3a/training/03-severe/images (92).jpeg,images (92).jpeg,severe,2,de757a7310cac3b8ca7c6c6c1632037d712dbac2d8ca36b6235c2914d042e197,262,192,1.3646,3460.68,143.14,90.9,train
data/raw/car_damage_severity/data3a/training/03-severe/images (94).jpeg,images (94).jpeg,severe,2,5379e8d1052c2bfe7170eb71057a219b66c64ded0fafc4a2679f05a86e117f5f,272,185,1.4703,3824.11,94.22,75.74,train
data/raw/car_damage_severity/data3a/training/03-severe/images (95).jpeg,images (95).jpeg,severe,2,ca6cb4fd545fead5ee0938d14089700d3e0e17a4a1849b8536a62b7ea8aad2d9,262,192,1.3646,3337.79,82.13,63.2,train
data/raw/car_damage_severity/data3a/training/03-severe/images (96).jpeg,images (96).jpeg,severe,2,173b9e49e639225d7d30c2756716610bc65f9e772187401b4bed662254f3e191,262,192,1.3646,4105.11,87.1,77.19,train
data/raw/car_damage_severity/data3a/training/03-severe/images - 2022-12-12T151411.618.jpeg,images - 2022-12-12T151411.618.jpeg,severe,2,a50896dadd0e680fb91e748279d17f8931ce0cea32265d33f6fc1e7e136240c2,254,198,1.2828,2565.27,66.85,77.95,train
data/raw/car_damage_severity/data3a/training/03-severe/images - 2022-12-13T215956.300.jpeg,images - 2022-12-13T215956.300.jpeg,severe,2,60a4d4928fb0c16679d0bfedac8a0c167822f2b92381f0bc59258d7965b17d1b,261,193,1.3523,4589.56,73.15,55.44,train
data/raw/car_damage_severity/data3a/training/03-severe/images - 2022-12-13T215956.652.jpeg,images - 2022-12-13T215956.652.jpeg,severe,2,c1914264f1e0423a31ec4959ad4c1d7896b22bb0d2e1a2131156585ea93ea7dd,262,193,1.3575,4321.63,104.19,68.26,train
data/raw/car_damage_severity/data3a/training/03-severe/images - 2022-12-13T215956.808.jpeg,images - 2022-12-13T215956.808.jpeg,severe,2,565dc96cbc829513e7532251b116db16d793804f2a8f81c9ceb17a10a24db79e,262,192,1.3646,3459.5,146.73,73.89,train
data/raw/car_damage_severity/data3a/training/03-severe/images - 2022-12-13T215956.873.jpeg,images - 2022-12-13T215956.873.jpeg,severe,2,5c73c89d789689fc336bf88bad00b0829cbf80dedc5dbfd3155be6f4ed137b4b,262,193,1.3575,3734.54,127.19,74.94,train
data/raw/car_damage_severity/data3a/training/03-severe/images - 2022-12-13T215956.943.jpeg,images - 2022-12-13T215956.943.jpeg,severe,2,62e1c4a20e96569d00f18b200317a760336191483ca055a10f9b53344155ef98,262,192,1.3646,3585.51,112.54,69.03,train
data/raw/car_damage_severity/data3a/training/03-severe/images - 2022-12-13T215957.069.jpeg,images - 2022-12-13T215957.069.jpeg,severe,2,ab517af5529ea2e6174776aaf5873639d7ed45d0dd231d8fc4ff974a897a55cf,178,284,0.6268,2292.88,114.98,93.28,train
data/raw/car_damage_severity/data3a/training/03-severe/images - 2022-12-13T215957.222.jpeg,images - 2022-12-13T215957.222.jpeg,severe,2,3e23353aff09a3cf983b53d2764bb53d0dce219a54afec44d5ef6bdfc19135e1,177,284,0.6232,2236.38,113.26,69.23,train
data/raw/car_damage_severity/data3a/training/03-severe/images - 2022-12-13T215957.318.jpeg,images - 2022-12-13T215957.318.jpeg,severe,2,df06e972af66dd865821785d35ace6e22a45026d9aaf1201a2b295698fa711e6,262,193,1.3575,2985.17,84.69,55.1,train
data/raw/car_damage_severity/data3a/training/03-severe/images - 2022-12-13T215957.376.jpeg,images - 2022-12-13T215957.376.jpeg,severe,2,e2da904e5d17c9f320b26ac36ff736661bb590fb71f0de77e7fd96f11f7996cb,262,193,1.3575,2303.8,124.89,72.81,train
data/raw/car_damage_severity/data3a/training/03-severe/images - 2022-12-13T215957.415.jpeg,images - 2022-12-13T215957.415.jpeg,severe,2,68ab610885ac5adacd0886dc6d42f4059afb74f6edd624eb81bd83a01d2d0527,261,193,1.3523,3514.18,110.64,87.34,train
data/raw/car_damage_severity/data3a/training/03-severe/images - 2022-12-13T215957.532.jpeg,images - 2022-12-13T215957.532.jpeg,severe,2,1b476d59483609ecf85dbb30c81ce99112ae845b68f2c6f9f75d583445cbfe96,262,193,1.3575,3321.46,99.87,72.51,train
data/raw/car_damage_severity/data3a/validation/01-minor/0005.JPEG,0005.JPEG,minor,0,eb8973ed0e1f03746c62ab8470058c70153e571f4d9a0af3cc0ee340cd288d55,259,194,1.3351,892.94,96.3,68.14,train
data/raw/car_damage_severity/data3a/validation/01-minor/0008.jpeg,0008.jpeg,minor,0,0973a9ed5265340b85e8e7b28c17662cd3f11336a89f8b04855f2d39d1471371,260,194,1.3402,884.83,90.58,63.05,train
data/raw/car_damage_severity/data3a/validation/01-minor/0009.jpeg,0009.jpeg,minor,0,d6213e8f9c80aa90d6f72f3d27a0d100903e81d30f4a8f1267dd7742bf468875,194,260,0.7462,1470.98,126.04,61.71,train
data/raw/car_damage_severity/data3a/validation/01-minor/0010.JPEG,0010.JPEG,minor,0,a1a97594dfb08b3c38e8cf5c9ba539b20d4e304b8dc07037b4a0243d32144ec1,194,259,0.749,621.61,93.89,59.07,train
data/raw/car_damage_severity/data3a/validation/01-minor/0012.JPEG,0012.JPEG,minor,0,a82d3251ff7ebab396d5be4c9cfe73db7dcba17fbda4a42aa1123d553b51465d,290,174,1.6667,1873.14,106.69,49.32,train
data/raw/car_damage_severity/data3a/validation/01-minor/0013.JPEG,0013.JPEG,minor,0,ca242a4203a3eb0c2900ca9f9a8d3495a8c4dac347666526371c40cfe150a5ca,259,194,1.3351,4004.44,142.91,55.36,train
data/raw/car_damage_severity/data3a/validation/01-minor/0016.JPEG,0016.JPEG,minor,0,0585d3174421775501271ef322c26491369089ad726c73d84af1ea9ff79365e7,260,194,1.3402,2616.25,102.43,61.04,train
data/raw/car_damage_severity/data3a/validation/01-minor/0018.JPEG,0018.JPEG,minor,0,953552e1a8b7ce78b3a8ce3753adc4e86e48d8ab131b20438917e4e5a1f70d0a,158,112,1.4107,1358.65,115.85,51.93,train
data/raw/car_damage_severity/data3a/validation/01-minor/0019.JPEG,0019.JPEG,minor,0,124803baa81923bf957d0481fdd6a25e72622fa46dbeb79ebb8b2f4d7381dbe1,208,243,0.856,2324.52,115.57,86.74,train
data/raw/car_damage_severity/data3a/validation/01-minor/0020.JPEG,0020.JPEG,minor,0,e92d73011f45a31cb79f772bd583da7b203862ee45b4f4dc86bcb3b04917f584,269,188,1.4309,6278.45,100.01,72.62,train
data/raw/car_damage_severity/data3a/validation/01-minor/0021.JPEG,0021.JPEG,minor,0,1193f06c7c83100a5c9dfd1bbd6ce57ea688494237693dcccafef495508cb421,300,168,1.7857,3330.15,91.32,60.47,train
data/raw/car_damage_severity/data3a/validation/01-minor/0023.JPEG,0023.JPEG,minor,0,c3b1fd5db17dcc7d231def6566d15948569e0699304233f05526f9a707aa057f,260,194,1.3402,2191.03,89.36,61.54,train
data/raw/car_damage_severity/data3a/validation/01-minor/0024.JPEG,0024.JPEG,minor,0,633bfb679c5f52eac0958960545bef6d06ceffb4f8321c0c1b6b5a7d3e1e9287,259,194,1.3351,2213.5,128.23,56.56,train
data/raw/car_damage_severity/data3a/validation/01-minor/0025.JPEG,0025.JPEG,minor,0,9a84868e85d7d11ba486b6380e2dd6f1ddbf7751af988e99d087c6b63fe840ef,169,115,1.4696,2256.91,110.87,48.03,train
data/raw/car_damage_severity/data3a/validation/01-minor/0026.JPEG,0026.JPEG,minor,0,6f39f9ce10a2c3c89abf561ffa4e5b8bbae005a34b4c88a3bff621eff7bc4d54,151,80,1.8875,5460.07,109.13,71.9,train
data/raw/car_damage_severity/data3a/validation/01-minor/0027.jpeg,0027.jpeg,minor,0,42729fb0fef7230f6c1f5727ff3c0e18c330cd5e64f3771d9037ad102d88603e,290,174,1.6667,1858.47,118.32,52.31,train
data/raw/car_damage_severity/data3a/validation/01-minor/0028.JPEG,0028.JPEG,minor,0,a600c1190a133ac20b7b7f5d0a756abce65be28771a53ae78f2b702599308ed3,101,81,1.2469,4735.32,113.94,65.51,train
data/raw/car_damage_severity/data3a/validation/01-minor/0029.JPEG,0029.JPEG,minor,0,76365a40be733d35b1e2688e3b149e666debe7210c793c6e935f5a76657d606c,159,108,1.4722,6035.82,85.89,62.25,train
data/raw/car_damage_severity/data3a/validation/01-minor/0031.JPEG,0031.JPEG,minor,0,7d288ebf4b76ccc94d50f2a17bc2d3ab421485d89627775fe3b725bdc02b993b,290,174,1.6667,997.46,118.67,61.89,train
data/raw/car_damage_severity/data3a/validation/01-minor/0032.JPEG,0032.JPEG,minor,0,4ff2439b12996170c63b36d391376b5f361e8af5d617c582d7fac00cfed64268,259,194,1.3351,1675.58,97.51,72.67,train
data/raw/car_damage_severity/data3a/validation/01-minor/0033.JPEG,0033.JPEG,minor,0,9b907024a4d0cf8655b5b4858ad4d0218ffc7d7bf10c241b7749f7874c3a3950,141,128,1.1016,3548.34,101.9,77.69,train
data/raw/car_damage_severity/data3a/validation/01-minor/0034.JPEG,0034.JPEG,minor,0,2770ccccdc20630c3916d4f74cdce9df70dd988a84e6078cfbccf711e91871a3,259,194,1.3351,828.06,137.83,44.62,train
data/raw/car_damage_severity/data3a/validation/01-minor/0035.JPEG,0035.JPEG,minor,0,d0ea5f0c2bc8714f13d2d8d7584b5f995dc7a58de245b0cf57bc770f0e39ce83,259,194,1.3351,999.2,131.48,72.42,train
data/raw/car_damage_severity/data3a/validation/01-minor/0036.JPEG,0036.JPEG,minor,0,74fd2a924dd3be3ff7216347ff6d281bf9f6470478dc70f8c5352b6521c18fc9,143,125,1.144,3046.82,116.66,72.3,train
data/raw/car_damage_severity/data3a/validation/01-minor/0038.JPEG,0038.JPEG,minor,0,0eaa6523ed339e397389927dedcb33828c248cb9d064ff55e15abc9b6fb17f20,259,194,1.3351,3674.53,178.3,66.47,train
data/raw/car_damage_severity/data3a/validation/01-minor/0039.JPEG,0039.JPEG,minor,0,85d17e464d4aba0ad5e0dd30071c2a0c104487f77204432e0daae7afb381ae7a,194,259,0.749,2401.76,139.52,50.48,train
data/raw/car_damage_severity/data3a/validation/01-minor/0041.JPEG,0041.JPEG,minor,0,b417baa20f038f5903a6891fa64ad406afb347b83e80eb27645a53536eca2f6f,89,86,1.0349,3146.77,151.36,69.84,train
data/raw/car_damage_severity/data3a/validation/01-minor/0043.JPEG,0043.JPEG,minor,0,6deebbca87254b7a4413dd65edba1192472509ce2e070154a433fed848c5ef4a,259,194,1.3351,2796.65,92.06,60.61,train
data/raw/car_damage_severity/data3a/validation/01-minor/0044.JPEG,0044.JPEG,minor,0,e768ff3a75154efc27a1e03d2f332bf3135150ed7e632ae5e263f06e7fba086c,259,194,1.3351,1752.9,125.27,63.45,train
data/raw/car_damage_severity/data3a/validation/01-minor/0045.JPEG,0045.JPEG,minor,0,6f76ebef39cdbeeb1fe718a485aefde8ae0f2f366d6ac36d2fe37bfd3ba58d4d,259,194,1.3351,3972.55,101.05,60.23,train
data/raw/car_damage_severity/data3a/validation/01-minor/0046.JPEG,0046.JPEG,minor,0,956657d4311e67073664af1761c4359d837b87bd4749eccb05e18c026186b459,120,97,1.2371,2010.08,128.88,51.26,train
data/raw/car_damage_severity/data3a/validation/01-minor/cf1fd966d69f48b89d424463183e8388_thb.jpg,cf1fd966d69f48b89d424463183e8388_thb.jpg,minor,0,b7345d5a21f0957fabfa500ebf9209454fe0cd61b761ffc5ac5ee20d0c3b8104,144,108,1.3333,1847.74,102.89,66.72,train
data/raw/car_damage_severity/data3a/validation/01-minor/download.jpeg,download.jpeg,minor,0,8acde0105ca758658250eff51164dfa4c1c334f9b552ed2787e5b16fc228629c,100,100,1.0,3946.73,77.8,44.83,train
data/raw/car_damage_severity/data3a/validation/01-minor/e9e9890e7b514e51a49442c72f463430_thb.jpg,e9e9890e7b514e51a49442c72f463430_thb.jpg,minor,0,4b21f2e2fbd059d3ecd676e7c2e99bb4d5f79d218357c2c5c03f6b2b91d35bca,144,108,1.3333,3410.2,143.98,59.11,train
data/raw/car_damage_severity/data3a/validation/01-minor/images (2).jpeg,images (2).jpeg,minor,0,6f420929c0b1d4b6be2a565364588fa972ef0d1417f6b0ea38aae9589dbab36a,100,100,1.0,1386.32,104.06,28.44,train
data/raw/car_damage_severity/data3a/validation/01-minor/images (20).jpeg,images (20).jpeg,minor,0,da1ad54e7ab4842a4640c30fb88463aacd3917a78896b35584b5c80282213ffa,299,169,1.7692,5456.38,115.16,58.62,train
data/raw/car_damage_severity/data3a/validation/01-minor/images (3).jpeg,images (3).jpeg,minor,0,678985ac5e5b487b867ebadb156c984385e02dacd192f84eb9247d36487eb9b1,100,100,1.0,3991.76,152.11,59.58,train
data/raw/car_damage_severity/data3a/validation/01-minor/images (33).jpeg,images (33).jpeg,minor,0,7056f6b349480ea8bb529a7aa8ee16bbc6afed4c2af8148a2c45d4b2c7981d96,275,183,1.5027,949.35,143.22,61.89,train
data/raw/car_damage_severity/data3a/validation/01-minor/images (42).jpeg,images (42).jpeg,minor,0,5f3e9731a49eccb70795f2c308f182be8c8c9732962790b9322937dc4076f866,275,183,1.5027,2540.24,126.13,51.44,train
data/raw/car_damage_severity/data3a/validation/01-minor/images (43).jpeg,images (43).jpeg,minor,0,317533e61907a09fd2728afad4512220ffcc88111c15fed9b7619141b561f187,225,225,1.0,5127.9,123.51,67.38,train
data/raw/car_damage_severity/data3a/validation/01-minor/images (52).jpeg,images (52).jpeg,minor,0,6907d43176d6d1acc2dc67a566366d9a8836ef33dd36e1c16f93c1093926d905,284,177,1.6045,1588.23,161.41,62.05,train
data/raw/car_damage_severity/data3a/validation/01-minor/images (59).jpeg,images (59).jpeg,minor,0,3dae8052738c8d5b4290c7adfa93b3e8a8f348ea894ed0c52d4baab7523b43d8,271,186,1.457,2085.35,124.91,55.49,train
data/raw/car_damage_severity/data3a/validation/01-minor/images (6).jpeg,images (6).jpeg,minor,0,6f0440db93ff4cdb091d8112cd4e56b06cf64ce7227e4719d85ec624b88bb89a,100,100,1.0,3815.28,122.74,57.63,train
data/raw/car_damage_severity/data3a/validation/01-minor/images (60).jpeg,images (60).jpeg,minor,0,eeaf370cb9f2efc06de8a1feb12cec1d5cbd20e8cd70a7af9fb6099d14181766,420,120,3.5,1058.58,144.77,39.3,train
data/raw/car_damage_severity/data3a/validation/01-minor/images (65).jpeg,images (65).jpeg,minor,0,5454db36f98d2eb1b9c3cd1ee082eef220444689e80b6d0a55fd606f1837b0a1,275,183,1.5027,1952.48,163.32,64.7,train
data/raw/car_damage_severity/data3a/validation/01-minor/images (68).jpeg,images (68).jpeg,minor,0,274de8ce505cbf7c7966209dc52fbe9783c777c9aa721ee6d27edef6656adc3e,355,142,2.5,695.54,149.16,66.67,train
data/raw/car_damage_severity/data3a/validation/01-minor/images (69).jpeg,images (69).jpeg,minor,0,82df0fba022b60d97b74fd6e42f7175a8e3e15be08ffbc5256a2c1002b2031d9,275,183,1.5027,446.95,144.81,31.81,train
data/raw/car_damage_severity/data3a/validation/01-minor/images (74).jpeg,images (74).jpeg,minor,0,fbb6e142d4ff08fec83a7b9366b8151cdeb31d5ec8065901f721eef823b6ed2a,327,154,2.1234,1596.8,117.12,69.7,train
data/raw/car_damage_severity/data3a/validation/01-minor/images (75).jpeg,images (75).jpeg,minor,0,00f9051824d671f02fc5eab1e449cc72bc7c9c291981d04a931e5c0efe286644,275,183,1.5027,443.43,180.13,35.09,train
data/raw/car_damage_severity/data3a/validation/01-minor/images (80).jpeg,images (80).jpeg,minor,0,b6300b999cd59040570ee2ecbbe0045f689fdb316705ada170c1c48a8e8f787f,259,194,1.3351,362.62,102.64,67.04,train
data/raw/car_damage_severity/data3a/validation/01-minor/images (81).jpeg,images (81).jpeg,minor,0,f84a210b0227a575a81bc173637a387d727c130adc7e1a8009ca3bec7fe57ddf,311,162,1.9198,631.4,136.08,50.36,train
data/raw/car_damage_severity/data3a/validation/01-minor/images (84).jpeg,images (84).jpeg,minor,0,541075452bbbebc572af1a9be6e9c926f8f031269ce4ebb01d6f1b87a0bf5058,275,183,1.5027,503.75,138.89,37.7,train
data/raw/car_damage_severity/data3a/validation/01-minor/images (89).jpeg,images (89).jpeg,minor,0,c7bf71f7fd59ccb17daaa8ed3b4b96b752481c49ac21d30c411b0cdbe14d97d9,275,183,1.5027,2098.29,103.71,56.59,train
data/raw/car_damage_severity/data3a/validation/01-minor/images (95).jpeg,images (95).jpeg,minor,0,77e49a16d33dc755e41bf826d423bdd61206aa7b87aa18e689064853e1c98510,275,183,1.5027,783.15,118.65,70.42,train
data/raw/car_damage_severity/data3a/validation/01-minor/images - 2022-12-12T151419.502.jpeg,images - 2022-12-12T151419.502.jpeg,minor,0,9723d6b9780230692c3575e89ca0b93a4d448419c305a99dec302ed4891aa0d9,259,194,1.3351,4118.54,115.37,44.55,train
data/raw/car_damage_severity/data3a/validation/01-minor/images - 2022-12-13T213954.926.jpeg,images - 2022-12-13T213954.926.jpeg,minor,0,eb605778539e6510cbc8a1a8981ae17422be88a3edaeea7323b2ea5f98aa8a5e,259,194,1.3351,758.99,139.08,80.53,train
data/raw/car_damage_severity/data3a/validation/01-minor/images - 2022-12-13T213955.333.jpeg,images - 2022-12-13T213955.333.jpeg,minor,0,d31dea42c3b44f0f4a7df1d4f20f0f5804345fdeb03847b59abe34f1d78c1fa8,269,188,1.4309,964.31,104.03,60.32,train
data/raw/car_damage_severity/data3a/validation/01-minor/images.jpeg,images.jpeg,minor,0,9aeade3822cb9d0279f28a2df8feaeee77c96c518143bb5eea062314cbc63baf,275,183,1.5027,648.38,143.62,54.41,train
data/raw/car_damage_severity/data3a/validation/02-moderate/0001.JPEG,0001.JPEG,moderate,1,6183c4d4abf5ec6397a5c92da63001a2a28a6a735f084d8bc9ae16210d3afb8d,259,195,1.3282,1961.52,123.66,69.06,train
data/raw/car_damage_severity/data3a/validation/02-moderate/0002.JPEG,0002.JPEG,moderate,1,eef4625f6f22527e26c7f495120352f605921d9e83f5e4806bd763d776994135,137,123,1.1138,4273.67,69.55,54.58,train
data/raw/car_damage_severity/data3a/validation/02-moderate/0003.JPEG,0003.JPEG,moderate,1,5c2d47cedc82a11ecefd2c48393a4d95dca1d835a87dc3c46a9751ba9057b504,183,81,2.2593,4872.6,82.62,60.58,train
data/raw/car_damage_severity/data3a/validation/02-moderate/0004.JPEG,0004.JPEG,moderate,1,56d585727d89c79c5ee8d7229087ee76059d42c608730e9185fff13e0d6a3f50,259,194,1.3351,2517.2,110.93,63.49,train
data/raw/car_damage_severity/data3a/validation/02-moderate/0006.JPEG,0006.JPEG,moderate,1,d488dbca6991dd6daf4fe65b1f601ba49b236646255ea9bbfb45669cf1292927,146,151,0.9669,1191.26,102.62,55.42,train
data/raw/car_damage_severity/data3a/validation/02-moderate/0008.JPEG,0008.JPEG,moderate,1,9257782fa2e39eadb869ea919bf7cfc92bfca1e4e3791d7ac0271fc07719442b,299,168,1.7798,4394.46,54.62,72.7,train
data/raw/car_damage_severity/data3a/validation/02-moderate/0010.JPEG,0010.JPEG,moderate,1,7a0d16efacb67340c9555feabbcfdd06db54ad6b1018cd199e1f8e33b14d5784,259,194,1.3351,2018.96,127.96,64.76,train
data/raw/car_damage_severity/data3a/validation/02-moderate/0011.jpeg,0011.jpeg,moderate,1,31478de3eb0be1476bae0953749d9309d93004a8a02dd252be3c686c6c0be340,259,194,1.3351,1926.33,139.01,65.04,train
data/raw/car_damage_severity/data3a/validation/02-moderate/0013.JPEG,0013.JPEG,moderate,1,726820299b73753c1a4eb2c121579af5e158ecf32421e985383df255fc623103,275,183,1.5027,1981.7,101.04,65.92,train
data/raw/car_damage_severity/data3a/validation/02-moderate/0015.jpeg,0015.jpeg,moderate,1,5dab6bedeb3ecedbb84661d848439bc68f504a6f7efdcb946a3267961d4154fb,276,183,1.5082,1958.32,102.18,68.58,train
data/raw/car_damage_severity/data3a/validation/02-moderate/0016.JPEG,0016.JPEG,moderate,1,6a1b60d3bbb1a472ef98fb4585966a8d4ddf50465286f20a66951c7c6469175f,308,164,1.878,3371.09,109.51,67.73,train
data/raw/car_damage_severity/data3a/validation/02-moderate/0018.JPEG,0018.JPEG,moderate,1,1271032d0a04e55d3e774c661ac6a459f1d1137ed859354a297d2e9c15039fb7,253,199,1.2714,1947.85,141.17,78.96,train
data/raw/car_damage_severity/data3a/validation/02-moderate/0019.JPEG,0019.JPEG,moderate,1,58c790f4a3fa3d09c1bd92940f153190e3f5cc127a1fabc512624f9dbc888310,274,184,1.4891,5672.16,78.43,55.24,train
data/raw/car_damage_severity/data3a/validation/02-moderate/0021.JPEG,0021.JPEG,moderate,1,861a9499424cbfe88f6073c6ff581c701bd475934d3f6273caaae5472ce02c3b,262,192,1.3646,2009.4,124.83,72.49,train
data/raw/car_damage_severity/data3a/validation/02-moderate/0022.JPEG,0022.JPEG,moderate,1,0a8fdf90480882d8187c99f15f89b0bda02350d06f5987b4a068d6a0a3e9ebe6,259,194,1.3351,2067.93,136.27,83.42,train
data/raw/car_damage_severity/data3a/validation/02-moderate/0023.JPEG,0023.JPEG,moderate,1,1e55b24a77a062bc52c9fe18ac04e85cde6413c1f4984b68cfdf4293ba0b06c5,259,195,1.3282,4201.86,70.79,68.78,train
data/raw/car_damage_severity/data3a/validation/02-moderate/0024.jpeg,0024.jpeg,moderate,1,0910fc872fe207c19da5807d924216d60876630a4fb0c7810b9f0f87bd6e4940,261,193,1.3523,2482.92,106.65,53.4,train
data/raw/car_damage_severity/data3a/validation/02-moderate/0025.JPEG,0025.JPEG,moderate,1,5d2b37ff90d8b2538dd7595434421c439d9397fb1077f08478af0c43d9a5dd4f,269,187,1.4385,2367.13,58.87,58.53,train
data/raw/car_damage_severity/data3a/validation/02-moderate/0027.JPEG,0027.JPEG,moderate,1,3837218c160bf23fcb5b690199629834d0c36e999760856f49009b57189200dc,259,194,1.3351,1666.27,125.88,62.14,train
data/raw/car_damage_severity/data3a/validation/02-moderate/0028.JPEG,0028.JPEG,moderate,1,d5657d79dfae225a74465a270f7a96c06c3981ad29ac3dcb8f05cd7a582f9da0,275,183,1.5027,2714.71,123.22,63.01,train
data/raw/car_damage_severity/data3a/validation/02-moderate/0029.JPEG,0029.JPEG,moderate,1,9506dc9de84bffb258e68878557844a330b1af2b1cb5b467dac4d7a3b7f9f44f,259,194,1.3351,2283.86,104.12,74.36,train
data/raw/car_damage_severity/data3a/validation/02-moderate/0031.JPEG,0031.JPEG,moderate,1,950aba920b12ffa28f42859f3d1ea06f67062ac55b7fa3738fba2fbe0f57ceee,259,194,1.3351,7244.71,111.28,62.16,train
data/raw/car_damage_severity/data3a/validation/02-moderate/0032.JPEG,0032.JPEG,moderate,1,30d7cf05825014cae9b1a1db7f1f1a2b987270558a29146e624a1a32d0281efd,259,194,1.3351,3879.82,145.69,70.42,train
data/raw/car_damage_severity/data3a/validation/02-moderate/0033.JPEG,0033.JPEG,moderate,1,a9aae3a7af2f6e74c78b683fc6082ca0b8c9f1e6b99935246d68a20e24c70b2a,258,195,1.3231,2956.36,101.97,65.66,train
data/raw/car_damage_severity/data3a/validation/02-moderate/0034.JPEG,0034.JPEG,moderate,1,f1fdcc50d97ebf4a91c5ec2dc5244df566392452e66f5ba14ab42bf08ac41760,269,188,1.4309,5084.23,123.38,74.99,train
data/raw/car_damage_severity/data3a/validation/02-moderate/0035.JPEG,0035.JPEG,moderate,1,bb13f325eb1e61c92018d4ba5fdb4b0b4a11bdcadb99a521e41814c4d9c04e9a,225,225,1.0,1761.86,91.62,67.63,train
data/raw/car_damage_severity/data3a/validation/02-moderate/0039.JPEG,0039.JPEG,moderate,1,6b45b8cea3129bfc611b0b3a26f43f8e4da2a2510fd231873a3a7c9631afa1c9,223,158,1.4114,2128.87,84.13,60.14,train
data/raw/car_damage_severity/data3a/validation/02-moderate/0041.JPEG,0041.JPEG,moderate,1,2a1e02ee95c27a4a413defe919cdcbf6ae618c395b9c5a4e580f50c38f6bc886,260,194,1.3402,1737.47,102.62,67.21,train
data/raw/car_damage_severity/data3a/validation/02-moderate/0042.JPEG,0042.JPEG,moderate,1,3e40043d891ca3334971d00fb4b3492374713522cc37ac89cf147e264d456264,259,194,1.3351,3356.15,117.11,68.66,train
data/raw/car_damage_severity/data3a/validation/02-moderate/0045.JPEG,0045.JPEG,moderate,1,e615a0173b8ea8ce27249cf916d97b23fb9b6ff152cb21ef2c9fc914a98e07ed,259,194,1.3351,4184.97,100.44,72.01,train
data/raw/car_damage_severity/data3a/validation/02-moderate/0046.JPEG,0046.JPEG,moderate,1,f14b9d8e97843ab9f2538246f9065fe57b318bb2e848f189e010256abca1578b,259,194,1.3351,1697.36,135.66,60.28,train
data/raw/car_damage_severity/data3a/validation/02-moderate/0047.JPEG,0047.JPEG,moderate,1,8f4e8f01d548ade43ba3b9cf503cddb59f9de367beade41de5bced63a5eeeef3,236,214,1.1028,1394.52,111.68,66.25,train
data/raw/car_damage_severity/data3a/validation/02-moderate/0048.JPEG,0048.JPEG,moderate,1,29f1f99221be668a370c5ec85b52f0fc9147c59ebafdc0eb6c9d6d850a6bb719,257,196,1.3112,3498.21,96.41,70.66,train
data/raw/car_damage_severity/data3a/validation/02-moderate/0049.JPEG,0049.JPEG,moderate,1,39b5fea6c1329db1d1a82a61624f9ae02e7b8a30f2016a3ab01418d1e84b9744,259,194,1.3351,1758.87,156.46,65.09,train
data/raw/car_damage_severity/data3a/validation/02-moderate/0050.JPEG,0050.JPEG,moderate,1,b19a7bd8a242bb68a73cf48439e3fd0a9d31394c5fd5cbb4c92eba160938e0cf,275,183,1.5027,2074.13,96.98,60.67,train
data/raw/car_damage_severity/data3a/validation/02-moderate/0051.JPEG,0051.JPEG,moderate,1,8a1824582df4e12374348aa4d48bf1f06aa1b27888639f6fb83a1912d3c641ec,194,260,0.7462,1507.14,105.41,63.9,train
data/raw/car_damage_severity/data3a/validation/02-moderate/0052.JPEG,0052.JPEG,moderate,1,4ca81b0e57696b89a7fcab5934cb8b9d13986f692cd674156257dd3f71324118,275,183,1.5027,2053.98,99.47,84.98,train
data/raw/car_damage_severity/data3a/validation/02-moderate/0055.JPEG,0055.JPEG,moderate,1,ef05b878e81fc40045349b4746eb26c3f410fc799a7f3d4cc0b3f0fe2f1fb306,175,184,0.9511,1748.0,93.44,51.88,train
data/raw/car_damage_severity/data3a/validation/02-moderate/0e780a7b917f4ed4ba5d5f4dfd9907d4_thb.jpg,0e780a7b917f4ed4ba5d5f4dfd9907d4_thb.jpg,moderate,1,e407a6358a20bb6df41b9c485f1b6d5cbf6eae4964e3a5c4e55c49996b24c654,144,108,1.3333,3145.83,121.61,67.4,train
data/raw/car_damage_severity/data3a/validation/02-moderate/495920c32ade4ac6ae7f9788fd7dfd24_thb.jpg,495920c32ade4ac6ae7f9788fd7dfd24_thb.jpg,moderate,1,53836c01a25bb6034e8aa862491aa2666a0cdf8828b359cdfe55c7fdb70cf296,144,108,1.3333,3290.56,137.26,56.79,train
data/raw/car_damage_severity/data3a/validation/02-moderate/9a620aee6a7f4a4b8d90f1f8181bc880_thb.jpg,9a620aee6a7f4a4b8d90f1f8181bc880_thb.jpg,moderate,1,90e6fd11013ebf7ecee14699a34171b32f002e223a64fca997cfed6c4ba6da68,144,108,1.3333,2791.18,132.09,65.37,train
data/raw/car_damage_severity/data3a/validation/02-moderate/a34374b52d3f4a7baf7767853de3b285_thb.jpg,a34374b52d3f4a7baf7767853de3b285_thb.jpg,moderate,1,0e5462d85d56e2e3f34f3faa7bdf78924fe5eff2f749773fd009e19046d791a3,144,108,1.3333,1925.74,154.25,72.23,train
data/raw/car_damage_severity/data3a/validation/02-moderate/ad321d3a82934b77aa5a4a9431e43b85_thb.jpg,ad321d3a82934b77aa5a4a9431e43b85_thb.jpg,moderate,1,35bcf44dbcbcfa657f8b9cba686e47458f716c048cc763c106c57a30252e0e5a,144,108,1.3333,2650.65,125.79,57.48,train
data/raw/car_damage_severity/data3a/validation/02-moderate/download (18).jpeg,download (18).jpeg,moderate,1,e947c97e394610d28f841f72b05b1b0c552b0b099b69f9ef7eb0ffd52fa39c34,275,183,1.5027,4213.52,85.45,54.79,train
data/raw/car_damage_severity/data3a/validation/02-moderate/download (19).jpeg,download (19).jpeg,moderate,1,92ca6cccf09dcc3e7cc62b4d444684acf96b4e1ba5e58ff7790ab8e618c0f313,259,194,1.3351,2669.45,94.25,65.17,train
data/raw/car_damage_severity/data3a/validation/02-moderate/download (20).jpeg,download (20).jpeg,moderate,1,419382843fba094af4d4f4366f857c847431db20447a113636d487e8413efc30,275,183,1.5027,3884.65,101.14,76.96,train
data/raw/car_damage_severity/data3a/validation/02-moderate/download (21).jpeg,download (21).jpeg,moderate,1,84813ac6abb701bc21b9dcea46329a1213e967c62608f188ee6450375d57f362,275,183,1.5027,4212.58,140.71,80.41,train
data/raw/car_damage_severity/data3a/validation/02-moderate/download (28).jpeg,download (28).jpeg,moderate,1,a6974b254785ee2d50b3765ae47e9e371d554b9da6b5b9b21a0cdfb26db41b12,259,194,1.3351,4065.12,127.23,53.5,train
data/raw/car_damage_severity/data3a/validation/02-moderate/e060a4b36c4d48caba0b12da354d3585_thb.jpg,e060a4b36c4d48caba0b12da354d3585_thb.jpg,moderate,1,98adc62e0f2ece5fe893f881edc972c6d776829eb16b89d2eb9e0f80ff3f1179,144,108,1.3333,1797.21,105.43,53.28,train
data/raw/car_damage_severity/data3a/validation/02-moderate/images (50).jpeg,images (50).jpeg,moderate,1,e47d4f1af959de19fda91466ef2796c0737e04faf16955a01e544bd56b783ec6,259,194,1.3351,2331.27,115.15,57.86,train
data/raw/car_damage_severity/data3a/validation/02-moderate/images (60).jpeg,images (60).jpeg,moderate,1,6fddd7b9453b82929a1c4fb7c4731d33e497b27159f87a4be6fd97437d757b61,100,100,1.0,4584.39,109.67,62.03,train
data/raw/car_damage_severity/data3a/validation/02-moderate/images (63).jpeg,images (63).jpeg,moderate,1,584dd192944ffb9b51fae26bf95d51bf207d29e0eb5e34527a321e8d5bb85304,259,194,1.3351,3506.89,112.44,66.01,train
data/raw/car_damage_severity/data3a/validation/03-severe/0001.JPEG,0001.JPEG,severe,2,61369356a3cac780adf861912fbe03e4b5f3d08648f47fff9b995a7b640e0756,259,195,1.3282,3538.75,107.21,55.47,train
data/raw/car_damage_severity/data3a/validation/03-severe/0002.JPEG,0002.JPEG,severe,2,52d15b4b9b643cec3684eaa10b84512621c6961f974d167a5cf67fda6c18a8df,259,194,1.3351,3078.72,115.5,71.87,train
data/raw/car_damage_severity/data3a/validation/03-severe/0003.JPEG,0003.JPEG,severe,2,bf832b9bb4a362716053294237e66f1c610b8b4e6c7fb622e6d41bad60a4b5a3,275,183,1.5027,3981.37,65.54,65.76,train
data/raw/car_damage_severity/data3a/validation/03-severe/0004.JPEG,0004.JPEG,severe,2,fce3bfccfea1c71eb16d7e481a2dc9f4e1a5aab37016f66324ce598c96bc61ed,103,94,1.0957,3026.04,99.68,62.53,train
data/raw/car_damage_severity/data3a/validation/03-severe/0005.JPEG,0005.JPEG,severe,2,d6392948b56c44c9d99013c147aae6b672c2c0e7ed45cac00e68d7e9a1833394,214,159,1.3459,2267.49,81.2,42.57,train
data/raw/car_damage_severity/data3a/validation/03-severe/0006.JPEG,0006.JPEG,severe,2,c7aff59b1e2c1c11be5eff027f3f2c454a6d64d5f1489a8263c93e5766d6516f,240,210,1.1429,1160.71,87.36,59.86,train
data/raw/car_damage_severity/data3a/validation/03-severe/0007.JPEG,0007.JPEG,severe,2,ac717364a82050c31c690c2072766e07be6d57d8897fd3308ecfebe826a8ec6a,367,137,2.6788,786.59,92.87,59.12,train
data/raw/car_damage_severity/data3a/validation/03-severe/0009.JPEG,0009.JPEG,severe,2,2f6611523c22fa7a027e4c6c3eb0308a8618dce4c3ea8b7e5bc5b2eb103fdfa9,259,194,1.3351,4936.19,106.86,54.03,train
data/raw/car_damage_severity/data3a/validation/03-severe/0010.jpeg,0010.jpeg,severe,2,79909152c44b81ed9745bd2ec36770439c032d05a81e28314279fa0cffa79b4e,276,183,1.5082,939.27,131.54,48.17,train
data/raw/car_damage_severity/data3a/validation/03-severe/0011.JPEG,0011.JPEG,severe,2,15465410290ad0958a0365c37a619ae8cf01852e1c87dd1ecd6d40ead6affd79,217,137,1.5839,4187.28,120.72,60.78,train
data/raw/car_damage_severity/data3a/validation/03-severe/0012.JPEG,0012.JPEG,severe,2,2b4d486100fabc614d8fec46926153a9a0711fb4dbaa235239f56a7e4f57481d,258,195,1.3231,1568.11,94.52,57.47,train
data/raw/car_damage_severity/data3a/validation/03-severe/0014.JPEG,0014.JPEG,severe,2,6154b22c1f0edc0490d03959ee23bfdd13d1232a46141a58bfd0379204d709a7,259,194,1.3351,2797.27,107.6,56.5,train
data/raw/car_damage_severity/data3a/validation/03-severe/0016.JPEG,0016.JPEG,severe,2,9c6ae33c83bfb00ac4d6de2a431bcd001f6ecc9d1e62e6cd58217f5d1cea3168,300,168,1.7857,2918.34,92.56,69.83,train
data/raw/car_damage_severity/data3a/validation/03-severe/0017.JPEG,0017.JPEG,severe,2,7fe3178dc0174b10d8f40b5e9728278a91e38aeb5ff170d9d18d24047c4f4550,275,183,1.5027,2321.24,110.65,54.9,train
data/raw/car_damage_severity/data3a/validation/03-severe/0020.JPEG,0020.JPEG,severe,2,4892b1eea2fdec17025a7e638cf8b27125927c8c82c3464bf942a2232f181cbd,254,198,1.2828,2050.94,145.1,61.4,train
data/raw/car_damage_severity/data3a/validation/03-severe/0022.JPEG,0022.JPEG,severe,2,570d4c10543c7136fd646911ca23d62ecc36cb9df8021ef3785b1158cfa38fac,299,168,1.7798,1490.6,109.26,75.41,train
data/raw/car_damage_severity/data3a/validation/03-severe/0023.JPEG,0023.JPEG,severe,2,445f31b2c8cc39a62838c39a51520aa6fe22acd916e0bd13da27456b5d13da15,259,194,1.3351,2379.79,104.32,65.23,train
data/raw/car_damage_severity/data3a/validation/03-severe/0025.JPEG,0025.JPEG,severe,2,ee9e3a35120ec239319cfa5827fb4d9b4b7ca425b3e3b6c572bb8a07b788f82c,227,143,1.5874,2825.78,150.03,67.61,train
data/raw/car_damage_severity/data3a/validation/03-severe/0026.JPEG,0026.JPEG,severe,2,cf875ea828a59e719c1c575082de62cf5720a34f998dfa882eb866880e1f4691,259,194,1.3351,3466.69,114.32,77.72,train
data/raw/car_damage_severity/data3a/validation/03-severe/0028.JPEG,0028.JPEG,severe,2,eead97be2781cafdba2059bde05e7d75d448f8ad77d9c84b6d87bd394cc4d6bc,259,194,1.3351,3393.05,106.44,73.15,train
data/raw/car_damage_severity/data3a/validation/03-severe/0030.JPEG,0030.JPEG,severe,2,687a1a2aebcd8c0f5d8b2be340f7bd11018248a649aecfb2e66c9e551efb6943,275,183,1.5027,1921.29,67.99,55.81,train
data/raw/car_damage_severity/data3a/validation/03-severe/0031.JPEG,0031.JPEG,severe,2,a5b509e672c32a797ed0b8aaf2ecc827550f1b9b8af7dbe7ad7fbaf97ae81ee0,269,187,1.4385,4901.96,110.48,72.47,train
data/raw/car_damage_severity/data3a/validation/03-severe/0034.JPEG,0034.JPEG,severe,2,d20ca9487c98866ca8fd2bcec052d8af2607a775be99f43605a42f3e84c45f03,259,194,1.3351,3033.65,111.72,65.7,train
data/raw/car_damage_severity/data3a/validation/03-severe/0035.JPEG,0035.JPEG,severe,2,7e4e47dc085ebad3a2232691fece69e56499b1ded1a654562d7feb67510e861a,259,194,1.3351,4031.89,97.71,66.68,train
data/raw/car_damage_severity/data3a/validation/03-severe/0036.jpeg,0036.jpeg,severe,2,9ca5104f911549afda67a0d0b5e412e355dfcc4d375ee32ef0181322cbe13e99,259,194,1.3351,547.54,112.68,78.28,train
data/raw/car_damage_severity/data3a/validation/03-severe/0037.jpeg,0037.jpeg,severe,2,15fa63f3afd98affb241e5eca9b56281c4b8ad4bc6c77764d4c85081f08438f3,225,138,1.6304,2725.59,106.79,66.62,train
data/raw/car_damage_severity/data3a/validation/03-severe/0038.JPEG,0038.JPEG,severe,2,211a2563c105e144af011dba0779a180a408b35b0b4ee028523506a70a2314a1,259,194,1.3351,3234.57,111.82,71.43,train
data/raw/car_damage_severity/data3a/validation/03-severe/0039.JPEG,0039.JPEG,severe,2,4a62830e24e31f9efed3885ad3e24446d60b536a1e44d4c1aab49541e806e906,263,191,1.377,3014.65,95.41,79.49,train
data/raw/car_damage_severity/data3a/validation/03-severe/0040.JPEG,0040.JPEG,severe,2,6d8c1a74b84515ca5e5501748974bd40b55500f3d332c99543e6207d04431e55,276,183,1.5082,5626.86,105.7,68.65,train
data/raw/car_damage_severity/data3a/validation/03-severe/0041.JPEG,0041.JPEG,severe,2,02b96293d3e678fdf51697529a586f0428b2c248063df9a9b9e2b8cf64270be7,269,188,1.4309,5905.14,114.25,78.86,train
data/raw/car_damage_severity/data3a/validation/03-severe/0045.JPEG,0045.JPEG,severe,2,ce7929be98c42736fc961b4c13652767a5aeb67af455c8c618ff4b86293d3951,414,122,3.3934,3420.44,109.05,91.14,train
data/raw/car_damage_severity/data3a/validation/03-severe/0046.JPEG,0046.JPEG,severe,2,e72ffc18e0c70a1c320ff7963d6bb3e15c1172edcb6e8d58a9ddeb23822d3f14,299,169,1.7692,8623.03,151.93,75.6,train
data/raw/car_damage_severity/data3a/validation/03-severe/0047.JPEG,0047.JPEG,severe,2,42bdebdc707d925e3867c1f31e9f246ba4265b683ca5b3f213c4709dddc46ddd,284,177,1.6045,2192.1,134.86,71.66,train
data/raw/car_damage_severity/data3a/validation/03-severe/0049.JPEG,0049.JPEG,severe,2,28dc97bd985adbfc330ba306ec42aa80b3d1f8e1a639eb4e1341963ebc6dbcc9,259,194,1.3351,3556.15,110.72,72.89,train
data/raw/car_damage_severity/data3a/validation/03-severe/0050.JPEG,0050.JPEG,severe,2,1c021ed32efd309966703e3aa9c3ee89091d81d9230e46c1910891b3dda4e784,259,194,1.3351,3052.93,106.38,47.1,train
data/raw/car_damage_severity/data3a/validation/03-severe/0051.JPEG,0051.JPEG,severe,2,a2e6e4ab99ea35662954c87948ed8b80fd9e25286061337eb088b34bc45f9d68,210,163,1.2883,1810.41,75.6,44.79,train
data/raw/car_damage_severity/data3a/validation/03-severe/0052.JPEG,0052.JPEG,severe,2,34d5450b6437c2b0cdb954c77cbf2076de574c038859612aa3e8c340a9715fee,259,194,1.3351,1911.27,146.66,65.42,train
data/raw/car_damage_severity/data3a/validation/03-severe/0053.JPEG,0053.JPEG,severe,2,ae4fe3df5f57b1fe54236389d7f5d8357d9b66f7446a95afafcd554306391291,300,168,1.7857,3002.95,119.0,81.28,train
data/raw/car_damage_severity/data3a/validation/03-severe/0054.JPEG,0054.JPEG,severe,2,ee204ab345a9af587e7d4f3b46eef10e4c0f76a2ef57a7def4565c817541945c,271,186,1.457,3260.33,110.7,67.26,train
data/raw/car_damage_severity/data3a/validation/03-severe/0055.JPEG,0055.JPEG,severe,2,42b0c55add6ded4bb97796c9307ee33aeb256709dcc0e1a107352338a310ea64,259,194,1.3351,2780.6,85.43,47.6,train
data/raw/car_damage_severity/data3a/validation/03-severe/0056.JPEG,0056.JPEG,severe,2,f78738ffb889bd0798a122f80f0c0be68bc5f597959bfc57a32377e2c791091a,275,183,1.5027,2425.42,68.56,56.55,train
data/raw/car_damage_severity/data3a/validation/03-severe/0057.JPEG,0057.JPEG,severe,2,f85709dd4f49747c41eb39aab17df6e6e3adce8e7484797025c1e30e0df06404,244,206,1.1845,3401.69,120.2,95.53,train
data/raw/car_damage_severity/data3a/validation/03-severe/0058.JPEG,0058.JPEG,severe,2,468d6d4b84a136140ba5257aa6b4fd2833e0302176c040682b0851221c98e889,167,111,1.5045,2270.57,87.77,50.2,train
data/raw/car_damage_severity/data3a/validation/03-severe/0060.JPEG,0060.JPEG,severe,2,59d08fda5bf9af726879cbba7dde5236a3b807139e36fdcb69c90838d29d6b22,275,183,1.5027,3264.39,122.9,78.15,train
data/raw/car_damage_severity/data3a/validation/03-severe/0061.JPEG,0061.JPEG,severe,2,ba2357c2e11bcf5146bf78827147c71ff05faa7fe3f2fc95665a81db2eadfcb6,299,168,1.7798,3949.61,96.83,70.15,train
data/raw/car_damage_severity/data3a/validation/03-severe/0063.JPEG,0063.JPEG,severe,2,1ed0cba43e683a757687c2f3396e90e4c85c50911de797db50171040dd11efb8,173,149,1.1611,2659.97,99.24,58.51,train
data/raw/car_damage_severity/data3a/validation/03-severe/0065.JPEG,0065.JPEG,severe,2,4b53e22a1e6e2e4c0d1d89ac51c0783c757dfb6b1a0b0e56e4e1df5105e9fd17,259,194,1.3351,3854.15,134.52,73.6,train
data/raw/car_damage_severity/data3a/validation/03-severe/0066.JPEG,0066.JPEG,severe,2,1e70c9122fc625f063bbf4a470412e63ee3cf109660bf403e1d238aecce66772,259,194,1.3351,1831.92,122.29,74.78,train
data/raw/car_damage_severity/data3a/validation/03-severe/0067.JPEG,0067.JPEG,severe,2,c99753ab0e023eab72693b22fe537eda5ae0fbaaccd34808a515b7d1c09e8654,259,194,1.3351,1983.96,86.96,47.38,train
data/raw/car_damage_severity/data3a/validation/03-severe/0068.JPEG,0068.JPEG,severe,2,f4196a116c1880549477714f4c44e29e31d50194859dc100581a6eafd2f555ab,192,107,1.7944,8728.37,157.32,69.92,train
data/raw/car_damage_severity/data3a/validation/03-severe/22902b00ea70402fab96a350f87cf944_thb.jpg,22902b00ea70402fab96a350f87cf944_thb.jpg,severe,2,b0a15addfe59f2a87f00070dcbaa734241876ff197e0a4796bea65c029e48219,144,108,1.3333,3018.53,117.38,60.33,train
data/raw/car_damage_severity/data3a/validation/03-severe/482557ac6c1447b284fe6224b7266f55_thb.jpg,482557ac6c1447b284fe6224b7266f55_thb.jpg,severe,2,651e17071d465c0319c6890472b741a1af59f71a7df5849f339e5f067afe9c4a,144,108,1.3333,3649.15,141.38,65.6,train
data/raw/car_damage_severity/data3a/validation/03-severe/6d36ca8f8e5142b999d24142028c8a3a_thb.jpg,6d36ca8f8e5142b999d24142028c8a3a_thb.jpg,severe,2,0e9e9d05519374d159a8b28125f8661aaceaf310a7d6601b5ce45f5ff540633b,144,108,1.3333,2553.49,100.49,57.22,train
data/raw/car_damage_severity/data3a/validation/03-severe/808a08e850f248c6a3ec2aa5f899a5a0_thb.jpg,808a08e850f248c6a3ec2aa5f899a5a0_thb.jpg,severe,2,0f9ac5f191b88542727ad9ff0200eff9cf3766664f081c4d4cb2ec345d99f0b1,144,108,1.3333,3010.18,131.3,68.7,train
data/raw/car_damage_severity/data3a/validation/03-severe/c3d15ce7351047aaba68bba9a1b862bc_thb.jpg,c3d15ce7351047aaba68bba9a1b862bc_thb.jpg,severe,2,d4eec83a82428ded5fe9d1c093a711869798aa39797c2d1640f80856aecdf550,144,108,1.3333,4082.36,128.05,66.77,train
data/raw/car_damage_severity/data3a/validation/03-severe/debd51e9643448fcbb0f303c9e0d7063_thb.jpg,debd51e9643448fcbb0f303c9e0d7063_thb.jpg,severe,2,0006395fbb6c59b987964c381c5c06cea46addba1e91f9666e0560453a75de47,144,108,1.3333,7341.32,133.28,62.45,train
data/raw/car_damage_severity/data3a/validation/03-severe/download (17).jpeg,download (17).jpeg,severe,2,8543b2879483a58f8b7894518d5cfbc44260235d34dabcc32310bbc6c7bd54e3,262,192,1.3646,5237.5,109.23,62.39,train
data/raw/car_damage_severity/data3a/validation/03-severe/download (2).jpeg,download (2).jpeg,severe,2,03b2a2965f94ac09a4d3ee3ee39b004a533d5f41ca2ecc0b6f8c71d1bd725d29,100,100,1.0,7616.47,82.1,72.33,train
data/raw/car_damage_severity/data3a/validation/03-severe/download (23).jpeg,download (23).jpeg,severe,2,838ee0034f8fe1e494e6ca41ab6705a452c119ac8a068f5504a74e2eefb2dde4,275,183,1.5027,3974.29,111.68,86.89,train
data/raw/car_damage_severity/data3a/validation/03-severe/download (31).jpeg,download (31).jpeg,severe,2,e2f5554b7aa41f26cbe36e581fc0ac5235474a080a01b3f969008119cf0bd758,313,161,1.9441,7427.55,101.42,72.02,train
data/raw/car_damage_severity/data3a/validation/03-severe/ff6f1e2cd433470f94e54c7aeb7da545_thb.jpg,ff6f1e2cd433470f94e54c7aeb7da545_thb.jpg,severe,2,11a69ebeaa533776a606615fb034ffaf72cac65387bfbf15b57bce7e0d3835b4,144,108,1.3333,3781.48,129.96,60.19,train
data/raw/car_damage_severity/data3a/validation/03-severe/images (28).jpeg,images (28).jpeg,severe,2,e8ffdd9b84d7f521496f218d3f4f0cd4a4b2c647f151ed9e90598298b83bbfde,301,167,1.8024,2608.59,212.45,70.31,train
data/raw/car_damage_severity/data3a/validation/03-severe/images (44).jpeg,images (44).jpeg,severe,2,51ac49eb608ce616b858ec92e6ac0df6654ad7edd5d18c820200143ed3871f21,194,259,0.749,3268.92,140.22,74.08,train
data/raw/car_damage_severity/data3a/validation/03-severe/images (53).jpeg,images (53).jpeg,severe,2,dfcdc8d960d18985216804d1e1632dafa1ebd36d9e5bd42f7500abb6b2590281,300,168,1.7857,2537.27,116.89,66.66,train
data/raw/car_damage_severity/data3a/validation/03-severe/images - 2022-12-12T151413.288.jpeg,images - 2022-12-12T151413.288.jpeg,severe,2,f52721db042934c2df27e4c7a03f29658c744aeccfde1fff7aa9111050bbe94c,100,100,1.0,6058.74,144.99,85.24,train
data/raw/car_damage_severity/data3a/validation/03-severe/images - 2022-12-12T151418.948.jpeg,images - 2022-12-12T151418.948.jpeg,severe,2,d90e04a3f59beea2eb024d79cf13716a1c287cc990d7f1ae5cf6220f3d2c2103,327,154,2.1234,4425.5,110.35,57.89,train
